date,platform,campaign_type,industry,country,impressions,clicks,CTR,CPC,ad_spend,conversions,CPA,revenue,ROAS,sessions,total_orders,new_customers,cvr_percentage,cac_usd
2024-01-21,Google Ads,Search,Fintech,UAE,59886,2113,0.0353,1.26,2662.38,159,16.74,4803.43,1.8,2007,159,127,7.92,20.96
2024-01-22,TikTok Ads,Search,EdTech,UK,135608,5220,0.0385,1.18,6159.6,411,14.99,64126.68,10.41,4959,411,328,8.29,18.78
2024-06-15,TikTok Ads,Video,Healthcare,USA,92313,5991,0.0649,0.85,5092.35,267,19.07,10489.07,2.06,5691,267,213,4.69,23.91
2024-01-02,TikTok Ads,Shopping,SaaS,Germany,83953,5935,0.0707,1.32,7834.2,296,26.47,50505.07,6.45,5638,296,236,5.25,33.2
2024-02-22,TikTok Ads,Search,Healthcare,UK,91807,4489,0.0489,1.93,8663.77,107,80.97,3369.53,0.39,4264,107,85,2.51,101.93
2024-10-15,TikTok Ads,Search,Fintech,Canada,17666,724,0.041,0.37,267.88,23,11.65,5220.85,19.49,687,23,18,3.35,14.88
2024-08-14,Meta Ads,Video,Fintech,USA,118252,3748,0.0317,0.42,1574.16,152,10.36,12838.56,8.16,3560,152,121,4.27,13.01
2024-04-05,TikTok Ads,Search,EdTech,UAE,92939,5176,0.0557,0.66,3416.16,388,8.8,96298.69,28.19,4917,388,310,7.89,11.02
2024-04-17,Meta Ads,Display,EdTech,Germany,30939,937,0.0303,0.59,552.83,63,8.78,16531.03,29.9,890,63,50,7.08,11.06
2024-11-13,Google Ads,Shopping,Fintech,USA,8748,362,0.0414,1.21,438.02,10,43.8,966.57,2.21,343,10,8,2.92,54.75
2024-04-22,Meta Ads,Video,E-commerce,UAE,98264,3144,0.032,1.56,4904.64,129,38.02,23127.27,4.72,2986,129,103,4.32,47.62
2024-09-11,Meta Ads,Video,Fintech,Canada,173229,5092,0.0294,1.72,8758.24,65,134.74,12320.17,1.41,4837,65,52,1.34,168.43
2024-05-26,Meta Ads,Video,SaaS,Canada,147483,2138,0.0145,0.57,1218.66,159,7.66,42434.18,34.82,2031,159,127,7.83,9.6
2024-02-29,Google Ads,Shopping,SaaS,USA,116472,4006,0.0344,2.68,10736.08,291,36.89,78428.38,7.31,3805,291,232,7.65,46.28
2024-04-22,TikTok Ads,Shopping,EdTech,Canada,37711,2111,0.056,0.68,1435.48,92,15.6,13898.86,9.68,2005,92,73,4.59,19.66
2024-10-15,TikTok Ads,Shopping,E-commerce,Germany,96412,7047,0.0731,1.11,7822.17,194,40.32,36717.43,4.69,6694,194,155,2.9,50.47
2024-08-13,TikTok Ads,Video,Fintech,Canada,184476,8854,0.048,0.35,3098.9,198,15.65,56216.92,18.14,8411,198,158,2.35,19.61
2024-08-20,TikTok Ads,Search,Fintech,Germany,38828,3607,0.0929,0.97,3498.79,116,30.16,8788.51,2.51,3426,116,92,3.39,38.03
2024-12-25,Meta Ads,Video,SaaS,Canada,187957,4586,0.0244,2.1,9630.6,271,35.54,34433.97,3.58,4356,271,216,6.22,44.59
2024-11-01,Google Ads,Video,SaaS,Canada,34592,1615,0.0467,1.15,1857.25,116,16.01,4344.96,2.34,1534,116,92,7.56,20.19
2024-07-04,Meta Ads,Shopping,Fintech,USA,185798,5889,0.0317,0.9,5300.1,400,13.25,41326.63,7.8,5594,400,320,7.15,16.56
2024-12-30,TikTok Ads,Video,EdTech,India,194407,13122,0.0675,0.85,11153.7,379,29.43,56289.95,5.05,12465,379,303,3.04,36.81
2024-11-13,Google Ads,Search,SaaS,UAE,188062,8143,0.0433,1.8,14657.4,614,23.87,124232.5,8.48,7735,614,491,7.94,29.85
2024-12-14,Meta Ads,Shopping,Healthcare,India,195710,4481,0.0229,0.53,2374.93,352,6.75,27223.39,11.46,4256,352,281,8.27,8.45
2024-04-09,Google Ads,Display,Healthcare,Australia,198824,9046,0.0455,3.61,32656.06,407,80.24,71482.19,2.19,8593,407,325,4.74,100.48
2024-06-08,Meta Ads,Shopping,SaaS,USA,196962,5081,0.0258,2.06,10466.86,282,37.12,24196.95,2.31,4826,282,225,5.84,46.52
2024-08-29,Google Ads,Shopping,SaaS,UAE,105386,3783,0.0359,1.82,6885.06,130,52.96,36776.35,5.34,3593,130,104,3.62,66.2
2024-09-05,Google Ads,Search,Healthcare,UAE,49425,1996,0.0404,1.27,2534.92,98,25.87,9253.27,3.65,1896,98,78,5.17,32.5
2024-12-26,Meta Ads,Video,E-commerce,Canada,191141,4453,0.0233,1.23,5477.19,72,76.07,8367.46,1.53,4230,72,57,1.7,96.09
2024-05-23,TikTok Ads,Shopping,EdTech,Canada,91900,4696,0.0511,0.53,2488.88,367,6.78,109696.83,44.07,4461,367,293,8.23,8.49
2024-11-26,Google Ads,Video,Healthcare,Canada,11801,795,0.0674,2.97,2361.15,57,41.42,3966.25,1.68,755,57,45,7.55,52.47
2024-11-16,Meta Ads,Display,Fintech,UAE,193926,5837,0.0301,1.0,5837.0,193,30.24,28429.29,4.87,5545,193,154,3.48,37.9
2024-02-27,Google Ads,Display,EdTech,India,35355,961,0.0272,2.22,2133.42,68,31.37,6145.22,2.88,912,68,54,7.46,39.51
2024-11-12,TikTok Ads,Shopping,Healthcare,UAE,133148,9120,0.0685,0.5,4560.0,279,16.34,83385.98,18.29,8664,279,223,3.22,20.45
2024-01-12,Meta Ads,Video,E-commerce,Canada,104657,4029,0.0385,0.71,2860.59,204,14.02,10401.62,3.64,3827,204,163,5.33,17.55
2024-05-24,TikTok Ads,Shopping,Fintech,India,174160,9683,0.0556,1.84,17816.72,512,34.8,73177.92,4.11,9198,512,409,5.57,43.56
2024-01-05,TikTok Ads,Display,Fintech,UAE,6015,410,0.0683,1.93,791.3,28,28.26,4383.32,5.54,389,28,22,7.2,35.97
2024-01-06,Meta Ads,Search,Healthcare,Australia,17763,726,0.0409,1.94,1408.44,30,46.95,1946.19,1.38,689,30,24,4.35,58.68
2024-10-14,TikTok Ads,Search,EdTech,India,97193,6230,0.0641,1.6,9968.0,306,32.58,81609.12,8.19,5918,306,244,5.17,40.85
2024-03-06,Meta Ads,Shopping,Healthcare,UAE,58682,1748,0.0298,1.49,2604.52,84,31.01,12746.65,4.89,1660,84,67,5.06,38.87
2024-03-21,TikTok Ads,Display,SaaS,Canada,108196,5334,0.0493,0.99,5280.66,289,18.27,27408.56,5.19,5067,289,231,5.7,22.86
2024-01-08,Google Ads,Search,Fintech,India,63243,1707,0.027,2.24,3823.68,37,103.34,3893.12,1.02,1621,37,29,2.28,131.85
2024-08-20,Google Ads,Search,E-commerce,UAE,152979,4650,0.0304,0.79,3673.5,330,11.13,91949.73,25.03,4417,330,264,7.47,13.91
2024-01-08,Google Ads,Display,EdTech,USA,132600,6802,0.0513,1.53,10407.06,97,107.29,6779.29,0.65,6461,97,77,1.5,135.16
2024-09-30,Google Ads,Video,Fintech,Australia,110977,4150,0.0374,1.13,4689.5,197,23.8,18314.78,3.91,3942,197,157,5.0,29.87
2024-03-07,Google Ads,Search,EdTech,UK,87152,3599,0.0413,2.63,9465.37,127,74.53,25958.5,2.74,3419,127,101,3.71,93.72
2024-08-16,Meta Ads,Shopping,Fintech,UAE,164096,1919,0.0117,0.66,1266.54,139,9.11,7181.17,5.67,1823,139,111,7.62,11.41
2024-08-10,Meta Ads,Shopping,Healthcare,Germany,21389,941,0.044,0.8,752.8,46,16.37,8479.43,11.26,893,46,36,5.15,20.91
2024-04-27,Google Ads,Shopping,Healthcare,India,69323,2169,0.0313,2.19,4750.11,94,50.53,16337.12,3.44,2060,94,75,4.56,63.33
2024-05-17,Google Ads,Display,SaaS,UAE,138291,3318,0.024,0.83,2753.94,217,12.69,12761.51,4.63,3152,217,173,6.88,15.92
2024-11-29,TikTok Ads,Shopping,EdTech,UK,72444,2339,0.0323,1.39,3251.21,153,21.25,12919.22,3.97,2222,153,122,6.89,26.65
2024-12-04,Google Ads,Search,Healthcare,UAE,160002,7520,0.047,2.96,22259.2,403,55.23,70823.58,3.18,7144,403,322,5.64,69.13
2024-08-12,Meta Ads,Search,E-commerce,USA,16246,448,0.0276,1.99,891.52,8,111.44,1955.09,2.19,425,8,6,1.88,148.59
2024-06-05,Meta Ads,Shopping,Fintech,Germany,15789,423,0.0268,1.81,765.63,7,109.38,1223.95,1.6,401,7,5,1.75,153.13
2024-06-05,Google Ads,Search,EdTech,Australia,25103,710,0.0283,2.34,1661.4,24,69.23,1896.75,1.14,674,24,19,3.56,87.44
2024-12-28,TikTok Ads,Display,SaaS,India,138515,4377,0.0316,0.51,2232.27,285,7.83,10321.59,4.62,4158,285,228,6.85,9.79
2024-02-20,Meta Ads,Search,EdTech,Australia,180399,6025,0.0334,0.7,4217.5,191,22.08,17456.79,4.14,5723,191,152,3.34,27.75
2024-05-16,Meta Ads,Video,E-commerce,UAE,62545,606,0.0097,1.96,1187.76,37,32.1,5627.66,4.74,575,37,29,6.43,40.96
2024-06-30,Google Ads,Shopping,Fintech,Canada,72526,2146,0.0296,1.56,3347.76,168,19.93,25859.74,7.72,2038,168,134,8.24,24.98
2024-07-07,Meta Ads,Display,EdTech,Australia,67823,2075,0.0306,1.83,3797.25,26,146.05,4093.91,1.08,1971,26,20,1.32,189.86
2024-06-23,Meta Ads,Display,E-commerce,India,164937,4453,0.027,1.08,4809.24,129,37.28,35127.5,7.3,4230,129,103,3.05,46.69
2024-12-14,Meta Ads,Search,EdTech,UK,114575,2039,0.0178,0.53,1080.67,113,9.56,10656.96,9.86,1937,113,90,5.83,12.01
2024-06-13,Google Ads,Shopping,Fintech,Germany,132157,2999,0.0227,0.93,2789.07,152,18.35,21855.26,7.84,2849,152,121,5.34,23.05
2024-01-11,TikTok Ads,Video,Healthcare,Germany,108145,3882,0.0359,0.94,3649.08,98,37.24,28726.52,7.87,3687,98,78,2.66,46.78
2024-04-29,TikTok Ads,Search,SaaS,India,72642,3014,0.0415,1.16,3496.24,59,59.26,15070.44,4.31,2863,59,47,2.06,74.39
2024-04-07,TikTok Ads,Display,Healthcare,UAE,131678,8374,0.0636,0.91,7620.34,505,15.09,29682.01,3.9,7955,505,404,6.35,18.86
2024-05-13,Google Ads,Video,E-commerce,Australia,34402,1314,0.0382,3.29,4323.06,17,254.3,1273.24,0.29,1248,17,13,1.36,332.54
2024-10-08,Meta Ads,Video,Healthcare,Germany,58276,1183,0.0203,1.49,1762.67,89,19.81,20273.71,11.5,1123,89,71,7.93,24.83
2024-08-14,Google Ads,Shopping,EdTech,Canada,168059,3462,0.0206,3.08,10662.96,154,69.24,33243.77,3.12,3288,154,123,4.68,86.69
2024-08-16,Meta Ads,Video,Fintech,Canada,91123,1567,0.0172,2.33,3651.11,64,57.05,5119.1,1.4,1488,64,51,4.3,71.59
2024-05-28,Meta Ads,Shopping,Fintech,Australia,16344,452,0.0277,0.9,406.8,5,81.36,1102.53,2.71,429,5,4,1.17,101.7
2024-03-26,TikTok Ads,Video,SaaS,UAE,99457,5808,0.0584,1.6,9292.8,80,116.16,12231.1,1.32,5517,80,64,1.45,145.2
2024-06-07,Meta Ads,Video,E-commerce,India,57375,843,0.0147,1.61,1357.23,40,33.93,9739.81,7.18,800,40,32,5.0,42.41
2024-04-17,Google Ads,Display,E-commerce,UAE,115017,2771,0.0241,2.56,7093.76,95,74.67,22528.38,3.18,2632,95,76,3.61,93.34
2024-09-28,Meta Ads,Search,EdTech,USA,90431,1853,0.0205,1.7,3150.1,57,55.26,14834.93,4.71,1760,57,45,3.24,70.0
2024-03-13,Meta Ads,Search,E-commerce,USA,140566,5046,0.0359,0.62,3128.52,384,8.15,59980.19,19.17,4793,384,307,8.01,10.19
2024-02-28,Meta Ads,Search,EdTech,Germany,133583,3954,0.0296,0.65,2570.1,255,10.08,31756.12,12.36,3756,255,204,6.79,12.6
2024-04-08,Google Ads,Video,E-commerce,USA,198555,13104,0.066,2.46,32235.84,336,95.94,58794.32,1.82,12448,336,268,2.7,120.28
2024-09-23,Meta Ads,Display,Healthcare,UK,88560,1319,0.0149,0.52,685.88,81,8.47,8584.02,12.52,1253,81,64,6.46,10.72
2024-06-24,Google Ads,Display,Fintech,UAE,117217,5602,0.0478,3.49,19550.98,411,47.57,75729.26,3.87,5321,411,328,7.72,59.61
2024-08-24,Meta Ads,Shopping,Fintech,UAE,104616,4048,0.0387,1.77,7164.96,233,30.75,45906.84,6.41,3845,233,186,6.06,38.52
2024-02-14,TikTok Ads,Video,Healthcare,Canada,79553,2712,0.0341,0.31,840.72,170,4.95,16973.79,20.19,2576,170,136,6.6,6.18
2024-08-20,Google Ads,Search,Fintech,USA,170904,4751,0.0278,1.12,5321.12,326,16.32,44297.15,8.32,4513,326,260,7.22,20.47
2024-07-14,Google Ads,Search,Healthcare,India,88807,4999,0.0563,2.37,11847.63,348,34.04,103474.34,8.73,4749,348,278,7.33,42.62
2024-08-14,Meta Ads,Shopping,EdTech,Canada,157499,1574,0.01,1.76,2770.24,45,61.56,13465.06,4.86,1495,45,36,3.01,76.95
2024-09-27,Meta Ads,Search,E-commerce,Australia,46846,983,0.021,0.72,707.76,11,64.34,2501.87,3.53,933,11,8,1.18,88.47
2024-09-18,TikTok Ads,Search,Fintech,Germany,104986,6131,0.0584,0.36,2207.16,219,10.08,57679.5,26.13,5824,219,175,3.76,12.61
2024-05-24,Meta Ads,Shopping,EdTech,India,172516,6314,0.0366,0.72,4546.08,335,13.57,82096.8,18.06,5998,335,268,5.59,16.96
2024-08-23,Meta Ads,Display,E-commerce,India,187099,2469,0.0132,0.83,2049.27,103,19.9,3413.17,1.67,2345,103,82,4.39,24.99
2024-04-04,Google Ads,Shopping,SaaS,India,111661,3930,0.0352,0.84,3301.2,310,10.65,21226.88,6.43,3733,310,248,8.3,13.31
2024-06-09,Meta Ads,Display,EdTech,Germany,79441,3082,0.0388,0.53,1633.46,100,16.33,29391.59,17.99,2927,100,80,3.42,20.42
2024-04-15,Google Ads,Display,SaaS,Australia,14078,763,0.0542,2.26,1724.38,57,30.25,16289.72,9.45,724,57,45,7.87,38.32
2024-01-07,Meta Ads,Shopping,Fintech,Australia,182235,5047,0.0277,0.74,3734.78,260,14.36,53450.65,14.31,4794,260,208,5.42,17.96
2024-02-24,Meta Ads,Video,SaaS,Canada,128629,2109,0.0164,1.29,2720.61,168,16.19,49256.62,18.1,2003,168,134,8.39,20.3
2024-04-02,Meta Ads,Display,Fintech,Canada,21309,432,0.0203,1.66,717.12,15,47.81,4449.98,6.21,410,15,12,3.66,59.76
2024-09-06,Google Ads,Search,Fintech,USA,167932,6717,0.04,2.46,16523.82,247,66.9,38475.06,2.33,6381,247,197,3.87,83.88
2024-01-08,TikTok Ads,Search,Fintech,UK,162795,8107,0.0498,0.96,7782.72,575,13.54,86383.64,11.1,7701,575,460,7.47,16.92
2024-08-18,Meta Ads,Search,EdTech,UK,50893,1124,0.0221,1.41,1584.84,29,54.65,2707.5,1.71,1067,29,23,2.72,68.91
2024-09-22,TikTok Ads,Display,SaaS,UAE,81619,3623,0.0444,0.47,1702.81,222,7.67,46448.44,27.28,3441,222,177,6.45,9.62
2024-07-25,Meta Ads,Search,EdTech,Germany,154381,1698,0.011,1.85,3141.3,70,44.88,19750.24,6.29,1613,70,56,4.34,56.09
2024-01-12,Google Ads,Search,Fintech,India,124273,3603,0.029,1.55,5584.65,167,33.44,20460.25,3.66,3422,167,133,4.88,41.99
2024-12-01,Meta Ads,Video,Healthcare,Germany,6969,176,0.0253,1.08,190.08,10,19.01,2562.91,13.48,167,10,8,5.99,23.76
2024-05-24,TikTok Ads,Display,SaaS,UK,29089,1076,0.037,0.65,699.4,40,17.48,8233.32,11.77,1022,40,32,3.91,21.86
2024-07-10,Google Ads,Shopping,SaaS,UK,10704,489,0.0457,1.71,836.19,36,23.23,5339.04,6.38,464,36,28,7.76,29.86
2024-12-04,TikTok Ads,Search,E-commerce,Australia,22772,1045,0.0459,0.95,992.75,38,26.12,5743.6,5.79,992,38,30,3.83,33.09
2024-04-11,Google Ads,Search,Fintech,Germany,68449,3285,0.048,2.38,7818.3,243,32.17,60681.21,7.76,3120,243,194,7.79,40.3
2024-10-26,Google Ads,Search,SaaS,UAE,51819,2497,0.0482,2.88,7191.36,138,52.11,37600.62,5.23,2372,138,110,5.82,65.38
2024-11-19,Google Ads,Video,Fintech,Australia,173722,3821,0.022,1.54,5884.34,201,29.28,44895.5,7.63,3629,201,160,5.54,36.78
2024-12-15,Google Ads,Shopping,SaaS,USA,119014,5938,0.0499,2.88,17101.44,95,180.02,23773.95,1.39,5641,95,76,1.68,225.02
2024-05-20,Google Ads,Search,SaaS,Australia,159741,6868,0.043,1.37,9409.16,336,28.0,33272.11,3.54,6524,336,268,5.15,35.11
2024-02-29,Google Ads,Shopping,Fintech,Germany,167982,7693,0.0458,2.64,20309.52,193,105.23,10777.69,0.53,7308,193,154,2.64,131.88
2024-06-08,Google Ads,Video,Fintech,Germany,96658,2822,0.0292,3.37,9510.14,112,84.91,25060.16,2.64,2680,112,89,4.18,106.86
2024-01-19,Meta Ads,Video,EdTech,India,43467,991,0.0228,1.9,1882.9,25,75.32,3146.23,1.67,941,25,20,2.66,94.15
2024-01-05,Google Ads,Search,EdTech,UK,41378,2023,0.0489,1.23,2488.29,73,34.09,9343.63,3.76,1921,73,58,3.8,42.9
2024-10-26,TikTok Ads,Video,EdTech,India,100673,5718,0.0568,1.05,6003.9,196,30.63,41067.13,6.84,5432,196,156,3.61,38.49
2024-12-13,TikTok Ads,Shopping,Healthcare,Australia,191994,14898,0.0776,1.08,16089.84,936,17.19,60355.75,3.75,14153,936,748,6.61,21.51
2024-05-21,TikTok Ads,Display,EdTech,UK,152235,6104,0.0401,0.73,4455.92,252,17.68,48424.44,10.87,5798,252,201,4.35,22.17
2024-12-07,Meta Ads,Video,Fintech,Australia,66929,1539,0.023,1.21,1862.19,38,49.01,9540.22,5.12,1462,38,30,2.6,62.07
2024-05-09,Google Ads,Video,SaaS,Canada,188202,7189,0.0382,1.15,8267.35,376,21.99,88923.49,10.76,6829,376,300,5.51,27.56
2024-01-25,Google Ads,Video,Fintech,USA,184316,4091,0.0222,1.04,4254.64,309,13.77,82363.46,19.36,3886,309,247,7.95,17.23
2024-09-10,Google Ads,Video,Healthcare,Canada,65545,3355,0.0512,1.77,5938.35,196,30.3,57936.29,9.76,3187,196,156,6.15,38.07
2024-06-04,Google Ads,Video,Healthcare,USA,33141,798,0.0241,3.29,2625.42,42,62.51,7236.65,2.76,758,42,33,5.54,79.56
2024-07-09,Meta Ads,Video,Healthcare,Germany,76229,1562,0.0205,1.01,1577.62,30,52.59,4290.5,2.72,1483,30,24,2.02,65.73
2024-11-09,TikTok Ads,Search,SaaS,Australia,141614,10677,0.0754,0.35,3736.95,305,12.25,62355.52,16.69,10143,305,244,3.01,15.32
2024-07-14,Meta Ads,Shopping,Healthcare,UK,161193,4916,0.0305,1.37,6734.92,377,17.86,91408.9,13.57,4670,377,301,8.07,22.38
2024-02-17,Google Ads,Search,SaaS,Germany,142244,4935,0.0347,2.98,14706.3,127,115.8,34307.21,2.33,4688,127,101,2.71,145.61
2024-03-27,Meta Ads,Search,Fintech,UAE,178063,1851,0.0104,0.45,832.95,64,13.01,7044.13,8.46,1758,64,51,3.64,16.33
2024-01-28,Google Ads,Video,Fintech,Australia,193978,5780,0.0298,1.73,9999.4,177,56.49,42071.17,4.21,5491,177,141,3.22,70.92
2024-02-18,Meta Ads,Display,SaaS,Canada,187051,6284,0.0336,2.01,12630.84,493,25.62,94906.46,7.51,5969,493,394,8.26,32.06
2024-01-11,Meta Ads,Video,EdTech,UK,152977,5491,0.0359,1.35,7412.85,147,50.43,9232.39,1.25,5216,147,117,2.82,63.36
2024-05-01,Google Ads,Display,E-commerce,UAE,129447,4310,0.0333,2.7,11637.0,211,55.15,16618.47,1.43,4094,211,168,5.15,69.27
2024-01-22,Google Ads,Shopping,Fintech,USA,28387,672,0.0237,3.32,2231.04,41,54.42,7232.57,3.24,638,41,32,6.43,69.72
2024-04-27,Meta Ads,Shopping,Fintech,Australia,88986,1308,0.0147,0.75,981.0,80,12.26,21439.34,21.85,1242,80,64,6.44,15.33
2024-01-10,Google Ads,Video,SaaS,UK,170268,7917,0.0465,3.14,24859.38,98,253.67,22672.12,0.91,7521,98,78,1.3,318.71
2024-01-20,Google Ads,Display,Healthcare,USA,122322,6152,0.0503,1.23,7566.96,155,48.82,10417.89,1.38,5844,155,124,2.65,61.02
2024-02-07,Meta Ads,Display,Healthcare,UK,69429,2430,0.035,1.59,3863.7,119,32.47,21584.01,5.59,2308,119,95,5.16,40.67
2024-06-07,Meta Ads,Display,SaaS,Canada,196675,4031,0.0205,1.97,7941.07,186,42.69,27686.79,3.49,3829,186,148,4.86,53.66
2024-05-25,Google Ads,Video,E-commerce,Australia,104134,3603,0.0346,3.46,12466.38,234,53.28,14496.48,1.16,3422,234,187,6.84,66.67
2024-12-24,Meta Ads,Display,EdTech,Canada,150544,2890,0.0192,1.7,4913.0,170,28.9,47769.42,9.72,2745,170,136,6.19,36.12
2024-10-28,TikTok Ads,Video,SaaS,Canada,75553,3331,0.0441,0.44,1465.64,203,7.22,33301.04,22.72,3164,203,162,6.42,9.05
2024-10-23,Meta Ads,Search,EdTech,India,149565,2437,0.0163,0.37,901.69,30,30.06,3133.33,3.47,2315,30,24,1.3,37.57
2024-04-15,Google Ads,Display,SaaS,India,12896,535,0.0415,0.98,524.3,20,26.21,2475.65,4.72,508,20,16,3.94,32.77
2024-05-22,TikTok Ads,Display,Fintech,Germany,70428,3310,0.047,1.17,3872.7,164,23.61,25462.93,6.57,3144,164,131,5.22,29.56
2024-06-09,TikTok Ads,Shopping,EdTech,USA,12345,456,0.037,0.62,282.72,21,13.46,5118.94,18.11,433,21,16,4.85,17.67
2024-11-25,Meta Ads,Display,SaaS,USA,18140,455,0.0251,1.15,523.25,29,18.04,1746.46,3.34,432,29,23,6.71,22.75
2024-02-18,Google Ads,Video,Fintech,Australia,42823,1588,0.0371,2.97,4716.36,33,142.92,3266.45,0.69,1508,33,26,2.19,181.4
2024-01-26,TikTok Ads,Shopping,SaaS,Germany,34118,1470,0.0431,0.85,1249.5,55,22.72,3037.11,2.43,1396,55,44,3.94,28.4
2024-01-08,Meta Ads,Video,EdTech,UK,127775,3871,0.0303,0.76,2941.96,159,18.5,28717.22,9.76,3677,159,127,4.32,23.17
2024-09-15,Google Ads,Shopping,Fintech,UAE,136354,3736,0.0274,1.16,4333.76,152,28.51,29811.83,6.88,3549,152,121,4.28,35.82
2024-10-28,Google Ads,Shopping,E-commerce,Germany,115454,7227,0.0626,2.46,17778.42,154,115.44,5144.22,0.29,6865,154,123,2.24,144.54
2024-06-02,Meta Ads,Search,EdTech,USA,37994,1379,0.0363,1.06,1461.74,58,25.2,7343.12,5.02,1310,58,46,4.43,31.78
2024-10-12,Meta Ads,Video,EdTech,Germany,74615,2327,0.0312,1.1,2559.7,129,19.84,25496.94,9.96,2210,129,103,5.84,24.85
2024-12-15,Google Ads,Search,EdTech,Canada,176790,4490,0.0254,1.49,6690.1,250,26.76,74442.63,11.13,4265,250,200,5.86,33.45
2024-10-29,Google Ads,Shopping,Fintech,Germany,60077,1994,0.0332,3.11,6201.34,28,221.48,7635.29,1.23,1894,28,22,1.48,281.88
2024-03-31,Meta Ads,Display,Fintech,Canada,151295,2163,0.0143,1.58,3417.54,85,40.21,3173.67,0.93,2054,85,68,4.14,50.26
2024-04-19,TikTok Ads,Display,E-commerce,Canada,20282,1740,0.0858,1.25,2175.0,94,23.14,14237.0,6.55,1653,94,75,5.69,29.0
2024-10-12,Google Ads,Search,Healthcare,Germany,185488,3950,0.0213,1.39,5490.5,289,19.0,75172.15,13.69,3752,289,231,7.7,23.77
2024-09-11,Meta Ads,Display,E-commerce,Australia,28567,999,0.035,1.69,1688.31,68,24.83,13037.25,7.72,949,68,54,7.17,31.26
2024-11-19,Google Ads,Search,E-commerce,UAE,96170,5145,0.0535,2.12,10907.4,268,40.7,72622.99,6.66,4887,268,214,5.48,50.97
2024-02-07,Meta Ads,Shopping,Healthcare,Canada,101019,2515,0.0249,1.69,4250.35,72,59.03,11353.12,2.67,2389,72,57,3.01,74.57
2024-03-01,TikTok Ads,Shopping,E-commerce,UK,91795,3800,0.0414,1.22,4636.0,157,29.53,24815.09,5.35,3610,157,125,4.35,37.09
2024-07-08,Meta Ads,Search,E-commerce,India,22543,333,0.0148,1.49,496.17,12,41.35,642.18,1.29,316,12,9,3.8,55.13
2024-02-28,Meta Ads,Shopping,Healthcare,Canada,119598,1064,0.0089,2.0,2128.0,64,33.25,17165.43,8.07,1010,64,51,6.34,41.73
2024-08-27,Meta Ads,Search,EdTech,UAE,158504,4897,0.0309,0.43,2105.71,255,8.26,54921.72,26.08,4652,255,204,5.48,10.32
2024-03-22,Google Ads,Display,E-commerce,Australia,39542,1209,0.0306,1.85,2236.65,42,53.25,7992.11,3.57,1148,42,33,3.66,67.78
2024-07-19,Google Ads,Display,Fintech,India,110848,3181,0.0287,2.45,7793.45,186,41.9,32321.78,4.15,3021,186,148,6.16,52.66
2024-12-22,Meta Ads,Video,Healthcare,Australia,79964,1487,0.0186,1.07,1591.09,22,72.32,3882.65,2.44,1412,22,17,1.56,93.59
2024-12-19,TikTok Ads,Display,EdTech,Germany,105127,7747,0.0737,0.88,6817.36,460,14.82,99299.9,14.57,7359,460,368,6.25,18.53
2024-01-07,Google Ads,Shopping,EdTech,UAE,73803,1505,0.0204,2.12,3190.6,98,32.56,18709.86,5.86,1429,98,78,6.86,40.91
2024-06-24,Google Ads,Shopping,Healthcare,UK,96575,4925,0.051,2.4,11820.0,181,65.3,7335.74,0.62,4678,181,144,3.87,82.08
2024-02-20,Google Ads,Shopping,Fintech,UK,162489,4500,0.0277,3.03,13635.0,184,74.1,54944.54,4.03,4275,184,147,4.3,92.76
2024-05-05,Meta Ads,Search,Healthcare,Canada,76155,3548,0.0466,1.25,4435.0,243,18.25,30659.34,6.91,3370,243,194,7.21,22.86
2024-12-06,TikTok Ads,Search,Fintech,UK,180021,13105,0.0728,1.61,21099.05,880,23.98,75656.62,3.59,12449,880,704,7.07,29.97
2024-04-13,TikTok Ads,Video,EdTech,UK,79965,3070,0.0384,1.02,3131.4,237,13.21,65306.0,20.86,2916,237,189,8.13,16.57
2024-05-28,Meta Ads,Search,EdTech,India,49789,622,0.0125,2.08,1293.76,48,26.95,7704.96,5.96,590,48,38,8.14,34.05
2024-04-11,TikTok Ads,Video,SaaS,Germany,195026,9653,0.0495,1.83,17664.99,371,47.61,94022.57,5.32,9170,371,296,4.05,59.68
2024-02-17,TikTok Ads,Shopping,Healthcare,Canada,130438,7721,0.0592,1.6,12353.6,353,35.0,70310.53,5.69,7334,353,282,4.81,43.81
2024-12-14,TikTok Ads,Shopping,SaaS,India,141917,4796,0.0338,0.66,3165.36,369,8.58,11953.05,3.78,4556,369,295,8.1,10.73
2024-11-22,TikTok Ads,Shopping,SaaS,USA,146958,7494,0.051,1.68,12589.92,538,23.4,117826.98,9.36,7119,538,430,7.56,29.28
2024-09-16,Google Ads,Video,E-commerce,UK,13605,300,0.0221,2.08,624.0,21,29.71,4495.51,7.2,285,21,16,7.37,39.0
2024-05-23,Google Ads,Display,SaaS,Germany,116041,6428,0.0554,1.75,11249.0,74,152.01,13873.48,1.23,6106,74,59,1.21,190.66
2024-09-25,TikTok Ads,Search,E-commerce,India,170396,10138,0.0595,1.08,10949.04,494,22.16,99795.18,9.11,9631,494,395,5.13,27.72
2024-02-22,Meta Ads,Display,EdTech,India,19743,619,0.0314,1.25,773.75,41,18.87,9219.46,11.92,588,41,32,6.97,24.18
2024-08-28,Google Ads,Search,E-commerce,Australia,94081,5588,0.0594,2.69,15031.72,88,170.81,24757.88,1.65,5308,88,70,1.66,214.74
2024-06-10,TikTok Ads,Video,Fintech,USA,141643,8526,0.0602,0.46,3921.96,379,10.35,51038.1,13.01,8099,379,303,4.68,12.94
2024-01-23,Meta Ads,Shopping,SaaS,Australia,90716,3002,0.0331,1.47,4412.94,194,22.75,39560.54,8.96,2851,194,155,6.8,28.47
2024-12-20,Google Ads,Search,EdTech,USA,72055,1678,0.0233,3.17,5319.26,41,129.74,8506.9,1.6,1594,41,32,2.57,166.23
2024-04-18,Meta Ads,Shopping,E-commerce,Germany,112692,2096,0.0186,2.27,4757.92,89,53.46,16587.58,3.49,1991,89,71,4.47,67.01
2024-11-08,Google Ads,Video,Fintech,UAE,31672,877,0.0277,0.72,631.44,16,39.47,2266.94,3.59,833,16,12,1.92,52.62
2024-06-30,Meta Ads,Video,E-commerce,Germany,59131,1425,0.0241,1.04,1482.0,66,22.45,19372.57,13.07,1353,66,52,4.88,28.5
2024-06-23,Google Ads,Search,SaaS,Canada,119397,3868,0.0324,1.8,6962.4,193,36.07,35393.3,5.08,3674,193,154,5.25,45.21
2024-11-02,Meta Ads,Search,EdTech,Australia,157008,5024,0.032,0.72,3617.28,379,9.54,73104.85,20.21,4772,379,303,7.94,11.94
2024-01-04,Meta Ads,Shopping,EdTech,UK,117217,2133,0.0182,1.29,2751.57,129,21.33,25455.36,9.25,2026,129,103,6.37,26.71
2024-10-27,TikTok Ads,Search,SaaS,Canada,111956,5911,0.0528,1.57,9280.27,253,36.68,68395.54,7.37,5615,253,202,4.51,45.94
2024-01-05,Meta Ads,Display,SaaS,USA,10939,113,0.0104,1.18,133.34,6,22.22,1684.43,12.63,107,6,4,5.61,33.34
2024-08-10,TikTok Ads,Display,SaaS,India,72293,4532,0.0627,1.81,8202.92,169,48.54,35145.36,4.28,4305,169,135,3.93,60.76
2024-02-17,Google Ads,Shopping,Fintech,Germany,78402,4531,0.0578,2.75,12460.25,105,118.67,25620.07,2.06,4304,105,84,2.44,148.34
2024-10-25,TikTok Ads,Display,E-commerce,Canada,160892,9122,0.0567,0.64,5838.08,590,9.9,170654.73,29.23,8665,590,472,6.81,12.37
2024-03-14,TikTok Ads,Search,EdTech,USA,154092,8860,0.0575,1.17,10366.2,246,42.14,23706.53,2.29,8417,246,196,2.92,52.89
2024-01-10,Meta Ads,Shopping,Healthcare,UAE,73323,1928,0.0263,1.71,3296.88,121,27.25,33634.99,10.2,1831,121,96,6.61,34.34
2024-01-17,TikTok Ads,Video,SaaS,India,58521,3318,0.0567,1.85,6138.3,39,157.39,10013.26,1.63,3152,39,31,1.24,198.01
2024-10-04,TikTok Ads,Search,SaaS,USA,48361,2713,0.0561,0.87,2360.31,54,43.71,7890.9,3.34,2577,54,43,2.1,54.89
2024-05-11,TikTok Ads,Display,Healthcare,UAE,179870,7500,0.0417,1.44,10800.0,112,96.43,5446.79,0.5,7125,112,89,1.57,121.35
2024-10-06,TikTok Ads,Search,E-commerce,Canada,114850,8234,0.0717,1.63,13421.42,245,54.78,35478.84,2.64,7822,245,196,3.13,68.48
2024-06-17,Google Ads,Display,Healthcare,India,54976,2611,0.0475,1.32,3446.52,187,18.43,8230.48,2.39,2480,187,149,7.54,23.13
2024-08-26,Google Ads,Shopping,Fintech,Australia,162636,9237,0.0568,1.41,13024.17,738,17.65,102989.98,7.91,8775,738,590,8.41,22.07
2024-05-28,Google Ads,Display,Healthcare,India,23375,1175,0.0503,1.42,1668.5,15,111.23,1524.57,0.91,1116,15,12,1.34,139.04
2024-12-22,Meta Ads,Shopping,E-commerce,Canada,167917,6246,0.0372,0.6,3747.6,413,9.07,25997.62,6.94,5933,413,330,6.96,11.36
2024-09-07,Google Ads,Search,E-commerce,USA,71216,2357,0.0331,3.17,7471.69,179,41.74,29354.19,3.93,2239,179,143,7.99,52.25
2024-12-04,Google Ads,Video,EdTech,Germany,29618,1883,0.0636,2.17,4086.11,90,45.4,26198.96,6.41,1788,90,72,5.03,56.75
2024-12-01,Google Ads,Search,Healthcare,Canada,136461,3984,0.0292,1.49,5936.16,214,27.74,24710.24,4.16,3784,214,171,5.66,34.71
2024-07-24,TikTok Ads,Search,Healthcare,Australia,132426,7309,0.0552,0.32,2338.88,171,13.68,24136.13,10.32,6943,171,136,2.46,17.2
2024-11-29,TikTok Ads,Search,E-commerce,Germany,159692,6882,0.0431,0.37,2546.34,523,4.87,106309.31,41.75,6537,523,418,8.0,6.09
2024-09-04,Meta Ads,Video,Fintech,India,27931,608,0.0218,1.52,924.16,10,92.42,1389.72,1.5,577,10,8,1.73,115.52
2024-08-06,Meta Ads,Display,EdTech,USA,131155,4052,0.0309,1.24,5024.48,209,24.04,15982.2,3.18,3849,209,167,5.43,30.09
2024-05-27,TikTok Ads,Shopping,Fintech,USA,66842,2339,0.035,1.4,3274.6,123,26.62,14081.65,4.3,2222,123,98,5.54,33.41
2024-03-05,Google Ads,Shopping,SaaS,UAE,7642,202,0.0265,3.38,682.76,11,62.07,1542.21,2.26,191,11,8,5.76,85.34
2024-06-12,Google Ads,Shopping,E-commerce,USA,70618,3601,0.051,2.23,8030.23,145,55.38,7976.29,0.99,3420,145,116,4.24,69.23
2024-09-27,Meta Ads,Video,E-commerce,Germany,74212,1528,0.0206,1.46,2230.88,85,26.25,21331.58,9.56,1451,85,68,5.86,32.81
2024-03-09,Google Ads,Shopping,E-commerce,USA,10039,501,0.05,2.29,1147.29,36,31.87,4805.52,4.19,475,36,28,7.58,40.97
2024-12-23,Meta Ads,Video,Healthcare,India,102088,4481,0.0439,0.73,3271.13,316,10.35,87569.74,26.77,4256,316,252,7.42,12.98
2024-09-14,TikTok Ads,Display,Fintech,UAE,25025,1256,0.0502,0.43,540.08,38,14.21,5694.61,10.54,1193,38,30,3.19,18.0
2024-11-05,Google Ads,Shopping,Healthcare,Canada,36707,943,0.0257,1.31,1235.33,21,58.83,4396.12,3.56,895,21,16,2.35,77.21
2024-10-17,TikTok Ads,Search,EdTech,Canada,17356,925,0.0533,0.46,425.5,62,6.86,5476.85,12.87,878,62,49,7.06,8.68
2024-06-25,TikTok Ads,Search,EdTech,India,86257,4597,0.0533,0.83,3815.51,301,12.68,80903.28,21.2,4367,301,240,6.89,15.9
2024-11-08,Google Ads,Shopping,Fintech,India,32518,1258,0.0387,2.41,3031.78,12,252.65,2688.72,0.89,1195,12,9,1.0,336.86
2024-07-27,Meta Ads,Display,E-commerce,India,75269,2604,0.0346,0.83,2161.32,70,30.88,3191.14,1.48,2473,70,56,2.83,38.6
2024-05-16,Google Ads,Video,EdTech,Canada,20534,993,0.0484,2.87,2849.91,49,58.16,1762.93,0.62,943,49,39,5.2,73.07
2024-11-15,TikTok Ads,Shopping,E-commerce,UAE,98500,5614,0.057,0.61,3424.54,220,15.57,7676.57,2.24,5333,220,176,4.13,19.46
2024-07-25,TikTok Ads,Search,Fintech,UAE,41468,3354,0.0809,1.11,3722.94,81,45.96,5215.94,1.4,3186,81,64,2.54,58.17
2024-05-26,Google Ads,Video,Healthcare,Canada,123696,6531,0.0528,2.58,16849.98,466,36.16,62974.93,3.74,6204,466,372,7.51,45.3
2024-11-08,Meta Ads,Shopping,EdTech,Germany,81848,1694,0.0207,1.29,2185.26,58,37.68,7573.87,3.47,1609,58,46,3.6,47.51
2024-02-29,Google Ads,Display,EdTech,Canada,92923,1932,0.0208,3.17,6124.44,32,191.39,1855.78,0.3,1835,32,25,1.74,244.98
2024-11-09,Google Ads,Shopping,E-commerce,UK,170732,7700,0.0451,0.81,6237.0,434,14.37,53677.08,8.61,7315,434,347,5.93,17.97
2024-10-03,Google Ads,Display,E-commerce,Australia,86471,4859,0.0562,1.57,7628.63,248,30.76,19852.56,2.6,4616,248,198,5.37,38.53
2024-10-26,Meta Ads,Display,EdTech,UK,115986,1357,0.0117,1.48,2008.36,79,25.42,8002.44,3.98,1289,79,63,6.13,31.88
2024-06-21,TikTok Ads,Display,Healthcare,USA,42019,2979,0.0709,1.51,4498.29,234,19.22,56724.23,12.61,2830,234,187,8.27,24.06
2024-01-28,TikTok Ads,Shopping,EdTech,USA,34063,1243,0.0365,0.38,472.34,40,11.81,10897.53,23.07,1180,40,32,3.39,14.76
2024-04-13,TikTok Ads,Shopping,Healthcare,Australia,107476,4707,0.0438,1.7,8001.9,293,27.31,72605.27,9.07,4471,293,234,6.55,34.2
2024-12-16,TikTok Ads,Search,Fintech,Canada,33302,3007,0.0903,0.28,841.96,95,8.86,3253.81,3.86,2856,95,76,3.33,11.08
2024-12-21,Google Ads,Shopping,SaaS,USA,70206,3945,0.0562,3.6,14202.0,248,57.27,37055.99,2.61,3747,248,198,6.62,71.73
2024-02-17,Meta Ads,Video,E-commerce,Germany,16094,616,0.0383,2.29,1410.64,40,35.27,8923.08,6.33,585,40,32,6.84,44.08
2024-06-03,Meta Ads,Video,Fintech,UAE,182718,2558,0.014,1.36,3478.88,124,28.06,28756.15,8.27,2430,124,99,5.1,35.14
2024-08-01,TikTok Ads,Search,EdTech,India,66169,2057,0.0311,1.49,3064.93,136,22.54,39364.99,12.84,1954,136,108,6.96,28.38
2024-01-13,Meta Ads,Shopping,SaaS,India,24404,710,0.0291,0.61,433.1,10,43.31,923.15,2.13,674,10,8,1.48,54.14
2024-05-23,TikTok Ads,Shopping,EdTech,Australia,30517,2575,0.0844,0.8,2060.0,205,10.05,7811.94,3.79,2446,205,164,8.38,12.56
2024-04-04,TikTok Ads,Video,E-commerce,Australia,145148,5762,0.0397,1.49,8585.38,213,40.31,10475.22,1.22,5473,213,170,3.89,50.5
2024-02-19,Google Ads,Display,Fintech,Germany,37101,2166,0.0584,2.95,6389.7,45,141.99,3868.37,0.61,2057,45,36,2.19,177.49
2024-02-08,Meta Ads,Search,EdTech,UK,151480,2514,0.0166,2.06,5178.84,72,71.93,4076.45,0.79,2388,72,57,3.02,90.86
2024-04-05,TikTok Ads,Video,EdTech,India,159813,7575,0.0474,0.9,6817.5,319,21.37,35965.7,5.28,7196,319,255,4.43,26.74
2024-09-21,TikTok Ads,Display,Healthcare,UK,135956,11529,0.0848,0.5,5764.5,732,7.88,207824.45,36.05,10952,732,585,6.68,9.85
2024-07-26,Google Ads,Search,SaaS,UAE,70982,2548,0.0359,2.88,7338.24,117,62.72,32045.18,4.37,2420,117,93,4.83,78.91
2024-03-17,TikTok Ads,Search,Healthcare,India,132992,7926,0.0596,0.64,5072.64,553,9.17,41271.28,8.14,7529,553,442,7.34,11.48
2024-08-13,TikTok Ads,Video,Healthcare,India,13597,747,0.055,1.91,1426.77,25,57.07,5673.88,3.98,709,25,20,3.53,71.34
2024-05-06,Meta Ads,Search,EdTech,USA,199472,5286,0.0265,1.32,6977.52,192,36.34,17789.77,2.55,5021,192,153,3.82,45.6
2024-02-27,Google Ads,Search,Healthcare,USA,108751,5459,0.0502,1.43,7806.37,345,22.63,24740.95,3.17,5186,345,276,6.65,28.28
2024-12-24,Meta Ads,Display,E-commerce,India,175591,5864,0.0334,0.44,2580.16,333,7.75,52097.57,20.19,5570,333,266,5.98,9.7
2024-11-08,TikTok Ads,Search,EdTech,India,36027,2770,0.0769,1.08,2991.6,205,14.59,16618.85,5.56,2631,205,164,7.79,18.24
2024-08-19,TikTok Ads,Shopping,E-commerce,Canada,57265,2302,0.0402,1.3,2992.6,85,35.21,4068.49,1.36,2186,85,68,3.89,44.01
2024-07-18,Google Ads,Shopping,Fintech,India,161904,4727,0.0292,1.64,7752.28,263,29.48,21545.93,2.78,4490,263,210,5.86,36.92
2024-08-31,Google Ads,Display,Healthcare,Canada,49757,1243,0.025,3.14,3903.02,39,100.08,4749.9,1.22,1180,39,31,3.31,125.9
2024-07-28,Google Ads,Video,EdTech,USA,168623,6896,0.0409,1.42,9792.32,200,48.96,24436.96,2.5,6551,200,160,3.05,61.2
2024-09-06,Meta Ads,Video,SaaS,Canada,98079,3226,0.0329,2.18,7032.68,44,159.83,1401.71,0.2,3064,44,35,1.44,200.93
2024-06-23,Google Ads,Search,EdTech,UK,11305,562,0.0498,1.72,966.64,42,23.02,8107.06,8.39,533,42,33,7.88,29.29
2024-10-20,TikTok Ads,Shopping,Healthcare,India,109188,6354,0.0582,1.26,8006.04,216,37.06,49228.57,6.15,6036,216,172,3.58,46.55
2024-08-14,Meta Ads,Display,Healthcare,Germany,73309,2323,0.0317,0.6,1393.8,39,35.74,1966.71,1.41,2206,39,31,1.77,44.96
2024-12-14,Google Ads,Video,Healthcare,India,81996,1508,0.0184,2.33,3513.64,75,46.85,8251.24,2.35,1432,75,60,5.24,58.56
2024-04-03,TikTok Ads,Display,EdTech,UK,122192,4398,0.036,0.99,4354.02,348,12.51,64414.08,14.79,4178,348,278,8.33,15.66
2024-11-30,Google Ads,Display,SaaS,UAE,79960,1591,0.0199,1.03,1638.73,55,29.8,15206.45,9.28,1511,55,44,3.64,37.24
2024-11-05,Meta Ads,Display,Healthcare,Australia,188804,5267,0.0279,2.1,11060.7,64,172.82,10138.3,0.92,5003,64,51,1.28,216.88
2024-05-25,Meta Ads,Display,Fintech,UK,80139,2436,0.0304,1.58,3848.88,37,104.02,4653.12,1.21,2314,37,29,1.6,132.72
2024-12-25,Meta Ads,Shopping,SaaS,Germany,51999,930,0.0179,1.2,1116.0,13,85.85,1777.36,1.59,883,13,10,1.47,111.6
2024-12-11,Google Ads,Video,EdTech,India,119527,6597,0.0552,3.1,20450.7,497,41.15,137884.47,6.74,6267,497,397,7.93,51.51
2024-08-17,Meta Ads,Search,Fintech,India,194073,6346,0.0327,1.8,11422.8,168,67.99,9921.38,0.87,6028,168,134,2.79,85.24
2024-09-27,TikTok Ads,Display,SaaS,UK,55599,3697,0.0665,1.64,6063.08,217,27.94,25513.42,4.21,3512,217,173,6.18,35.05
2024-10-17,Google Ads,Video,Healthcare,India,176541,4378,0.0248,2.87,12564.86,175,71.8,19637.27,1.56,4159,175,140,4.21,89.75
2024-06-23,Google Ads,Display,Fintech,UAE,118710,4036,0.034,2.48,10009.28,235,42.59,28657.57,2.86,3834,235,188,6.13,53.24
2024-02-17,TikTok Ads,Search,Fintech,Germany,113297,9675,0.0854,1.81,17511.75,380,46.08,16593.87,0.95,9191,380,304,4.13,57.6
2024-07-05,Google Ads,Search,Fintech,UK,6881,357,0.052,2.29,817.53,5,163.51,872.75,1.07,339,5,4,1.47,204.38
2024-05-20,Meta Ads,Shopping,EdTech,Germany,121477,1834,0.0151,0.49,898.66,98,9.17,10542.66,11.73,1742,98,78,5.63,11.52
2024-06-28,Google Ads,Display,SaaS,Australia,188419,10231,0.0543,2.15,21996.65,754,29.17,134062.71,6.09,9719,754,603,7.76,36.48
2024-08-11,Meta Ads,Video,EdTech,UK,46743,1523,0.0326,0.8,1218.4,51,23.89,5825.03,4.78,1446,51,40,3.53,30.46
2024-03-10,Google Ads,Video,Fintech,India,93302,4058,0.0435,0.81,3286.98,50,65.74,14861.71,4.52,3855,50,40,1.3,82.17
2024-05-14,Google Ads,Search,SaaS,Australia,140747,8571,0.0609,3.25,27855.75,332,83.9,48279.89,1.73,8142,332,265,4.08,105.12
2024-04-16,Google Ads,Search,Healthcare,Australia,36831,1572,0.0427,3.45,5423.4,48,112.99,4165.73,0.77,1493,48,38,3.22,142.72
2024-04-17,TikTok Ads,Display,SaaS,Germany,146842,10646,0.0725,1.23,13094.58,615,21.29,113988.39,8.71,10113,615,492,6.08,26.62
2024-04-05,Meta Ads,Display,EdTech,USA,69892,2851,0.0408,0.78,2223.78,52,42.77,11407.42,5.13,2708,52,41,1.92,54.24
2024-03-29,Google Ads,Shopping,SaaS,UK,118985,4545,0.0382,3.23,14680.35,259,56.68,58417.12,3.98,4317,259,207,6.0,70.92
2024-07-12,Meta Ads,Display,E-commerce,India,12452,280,0.0225,1.23,344.4,18,19.13,4734.22,13.75,266,18,14,6.77,24.6
2024-01-22,Google Ads,Display,EdTech,UAE,85077,4032,0.0474,2.84,11450.88,253,45.26,13168.69,1.15,3830,253,202,6.61,56.69
2024-08-18,TikTok Ads,Search,Fintech,India,39782,3393,0.0853,1.71,5802.03,143,40.57,23555.27,4.06,3223,143,114,4.44,50.9
2024-04-13,Google Ads,Video,EdTech,Australia,192135,10663,0.0555,1.78,18980.14,741,25.61,213823.36,11.27,10129,741,592,7.32,32.06
2024-04-04,Meta Ads,Search,Healthcare,India,156317,5924,0.0379,0.71,4206.04,464,9.06,64623.96,15.36,5627,464,371,8.25,11.34
2024-02-15,Google Ads,Shopping,Fintech,Germany,39754,2007,0.0505,2.33,4676.31,108,43.3,6981.98,1.49,1906,108,86,5.67,54.38
2024-10-02,Meta Ads,Shopping,EdTech,UAE,84526,2214,0.0262,0.44,974.16,117,8.33,30360.22,31.17,2103,117,93,5.56,10.47
2024-08-27,Google Ads,Shopping,SaaS,UK,159226,5206,0.0327,0.97,5049.82,137,36.86,27701.27,5.49,4945,137,109,2.77,46.33
2024-10-01,TikTok Ads,Display,SaaS,Canada,178503,9639,0.054,0.56,5397.84,146,36.97,40162.93,7.44,9157,146,116,1.59,46.53
2024-05-19,TikTok Ads,Shopping,SaaS,India,176946,13784,0.0779,0.86,11854.24,743,15.95,208986.19,17.63,13094,743,594,5.67,19.96
2024-08-02,Meta Ads,Display,Fintech,Germany,163124,4273,0.0262,0.91,3888.43,239,16.27,71554.77,18.4,4059,239,191,5.89,20.36
2024-06-21,Meta Ads,Display,EdTech,UAE,150486,6230,0.0414,1.21,7538.3,243,31.02,55217.61,7.32,5918,243,194,4.11,38.86
2024-05-17,Google Ads,Search,E-commerce,UK,88384,3641,0.0412,1.22,4442.02,89,49.91,4077.32,0.92,3458,89,71,2.57,62.56
2024-07-07,Meta Ads,Display,SaaS,USA,74922,1333,0.0178,1.32,1759.56,95,18.52,17171.74,9.76,1266,95,76,7.5,23.15
2024-01-17,TikTok Ads,Video,EdTech,UAE,188846,12671,0.0671,1.37,17359.27,821,21.14,86047.94,4.96,12037,821,656,6.82,26.46
2024-03-27,TikTok Ads,Search,SaaS,UK,10209,314,0.0308,1.79,562.06,13,43.24,3231.96,5.75,298,13,10,4.36,56.21
2024-11-27,TikTok Ads,Video,E-commerce,India,31140,1712,0.055,1.34,2294.08,63,36.41,5569.82,2.43,1626,63,50,3.87,45.88
2024-03-08,Meta Ads,Video,SaaS,Canada,46850,983,0.021,1.58,1553.14,38,40.87,10968.52,7.06,933,38,30,4.07,51.77
2024-04-28,Meta Ads,Shopping,EdTech,Canada,17720,287,0.0162,1.41,404.67,4,101.17,597.18,1.48,272,4,3,1.47,134.89
2024-01-29,Google Ads,Video,SaaS,Germany,16781,684,0.0408,1.3,889.2,8,111.15,1435.11,1.61,649,8,6,1.23,148.2
2024-11-29,Meta Ads,Video,E-commerce,Germany,61652,2614,0.0424,1.28,3345.92,133,25.16,20303.14,6.07,2483,133,106,5.36,31.57
2024-07-06,Meta Ads,Display,EdTech,USA,194933,4054,0.0208,2.03,8229.62,197,41.77,9992.76,1.21,3851,197,157,5.12,52.42
2024-02-25,Google Ads,Search,EdTech,Canada,100386,5250,0.0523,0.98,5145.0,254,20.26,73673.45,14.32,4987,254,203,5.09,25.34
2024-01-25,Google Ads,Search,Healthcare,UAE,50203,1390,0.0277,1.95,2710.5,47,57.67,11338.98,4.18,1320,47,37,3.56,73.26
2024-01-14,TikTok Ads,Search,SaaS,India,85428,5134,0.0601,0.86,4415.24,202,21.86,37603.74,8.52,4877,202,161,4.14,27.42
2024-05-05,TikTok Ads,Video,EdTech,UAE,192428,9967,0.0518,1.6,15947.2,570,27.98,78044.55,4.89,9468,570,456,6.02,34.97
2024-08-19,Google Ads,Shopping,Healthcare,UK,33756,2150,0.0637,2.17,4665.5,108,43.2,7948.11,1.7,2042,108,86,5.29,54.25
2024-03-28,Meta Ads,Video,Fintech,UAE,103162,1485,0.0144,0.97,1440.45,35,41.16,5899.5,4.1,1410,35,28,2.48,51.44
2024-09-02,Google Ads,Search,EdTech,UAE,142844,2971,0.0208,1.69,5020.99,95,52.85,5534.94,1.1,2822,95,76,3.37,66.07
2024-05-31,Google Ads,Search,Fintech,USA,50201,2198,0.0438,2.25,4945.5,112,44.16,12918.19,2.61,2088,112,89,5.36,55.57
2024-01-16,Meta Ads,Video,Fintech,USA,143421,3542,0.0247,0.86,3046.12,181,16.83,26273.04,8.63,3364,181,144,5.38,21.15
2024-10-13,Meta Ads,Shopping,Fintech,Australia,71537,1809,0.0253,1.65,2984.85,57,52.37,6227.5,2.09,1718,57,45,3.32,66.33
2024-11-03,Google Ads,Video,Fintech,USA,198604,8162,0.0411,3.1,25302.2,584,43.33,25281.15,1.0,7753,584,467,7.53,54.18
2024-04-08,Google Ads,Search,Healthcare,Canada,114028,3112,0.0273,1.36,4232.32,120,35.27,10393.96,2.46,2956,120,96,4.06,44.09
2024-06-05,TikTok Ads,Video,Healthcare,Australia,180309,5823,0.0323,0.65,3784.95,232,16.31,46549.68,12.3,5531,232,185,4.19,20.46
2024-03-22,Meta Ads,Video,SaaS,Canada,168402,5237,0.0311,0.85,4451.45,188,23.68,43774.92,9.83,4975,188,150,3.78,29.68
2024-12-23,TikTok Ads,Video,E-commerce,Canada,125419,4126,0.0329,0.85,3507.1,294,11.93,32829.78,9.36,3919,294,235,7.5,14.92
2024-02-05,TikTok Ads,Video,SaaS,UK,123680,8373,0.0677,0.6,5023.8,263,19.1,12412.26,2.47,7954,263,210,3.31,23.92
2024-06-24,Google Ads,Search,Fintech,UK,117660,6388,0.0543,1.81,11562.28,331,34.93,17255.28,1.49,6068,331,264,5.45,43.8
2024-09-02,Meta Ads,Video,Fintech,Canada,76916,2761,0.0359,0.71,1960.31,64,30.63,14368.24,7.33,2622,64,51,2.44,38.44
2024-02-17,Meta Ads,Video,E-commerce,Canada,150631,5648,0.0375,1.94,10957.12,111,98.71,21671.9,1.98,5365,111,88,2.07,124.51
2024-02-19,Google Ads,Display,Fintech,Australia,126635,4254,0.0336,1.33,5657.82,313,18.08,28110.42,4.97,4041,313,250,7.75,22.63
2024-12-14,Google Ads,Video,EdTech,India,159721,3625,0.0227,1.91,6923.75,150,46.16,39701.58,5.73,3443,150,120,4.36,57.7
2024-09-01,Meta Ads,Shopping,Healthcare,UAE,150698,4581,0.0304,0.51,2336.31,285,8.2,32525.45,13.92,4351,285,228,6.55,10.25
2024-04-14,TikTok Ads,Search,EdTech,Canada,98348,3225,0.0328,1.27,4095.75,59,69.42,2846.94,0.7,3063,59,47,1.93,87.14
2024-08-03,Meta Ads,Search,E-commerce,USA,110603,2377,0.0215,0.69,1640.13,62,26.45,2761.12,1.68,2258,62,49,2.75,33.47
2024-01-18,Google Ads,Shopping,E-commerce,UAE,76792,3317,0.0432,3.1,10282.7,262,39.25,42043.84,4.09,3151,262,209,8.31,49.2
2024-03-08,TikTok Ads,Shopping,SaaS,USA,44405,1953,0.044,1.53,2988.09,22,135.82,6030.56,2.02,1855,22,17,1.19,175.77
2024-08-28,Google Ads,Shopping,E-commerce,India,49462,1206,0.0244,1.95,2351.7,74,31.78,12950.09,5.51,1145,74,59,6.46,39.86
2024-05-01,TikTok Ads,Display,SaaS,Australia,140440,11825,0.0842,0.68,8041.0,748,10.75,31071.69,3.86,11233,748,598,6.66,13.45
2024-06-27,TikTok Ads,Display,Healthcare,USA,112392,4934,0.0439,1.64,8091.76,363,22.29,91221.43,11.27,4687,363,290,7.74,27.9
2024-04-17,TikTok Ads,Shopping,Healthcare,Australia,125654,8318,0.0662,0.58,4824.44,566,8.52,117035.13,24.26,7902,566,452,7.16,10.67
2024-07-16,Meta Ads,Search,Healthcare,UK,167002,3406,0.0204,1.83,6232.98,76,82.01,10328.31,1.66,3235,76,60,2.35,103.88
2024-04-06,TikTok Ads,Search,SaaS,Australia,108247,6971,0.0644,0.59,4112.89,517,7.96,139391.79,33.89,6622,517,413,7.81,9.96
2024-04-14,Meta Ads,Display,Fintech,Australia,53128,1678,0.0316,1.51,2533.78,66,38.39,19225.18,7.59,1594,66,52,4.14,48.73
2024-02-01,Meta Ads,Video,EdTech,USA,65942,2044,0.031,1.05,2146.2,48,44.71,6784.27,3.16,1941,48,38,2.47,56.48
2024-03-14,Google Ads,Display,E-commerce,Canada,32160,1186,0.0369,1.34,1589.24,12,132.44,1927.71,1.21,1126,12,9,1.07,176.58
2024-09-29,Google Ads,Search,EdTech,USA,58364,2241,0.0384,2.22,4975.02,136,36.58,15149.72,3.05,2128,136,108,6.39,46.07
2024-06-05,Meta Ads,Search,E-commerce,India,79462,2058,0.0259,0.88,1811.04,146,12.4,7813.85,4.31,1955,146,116,7.47,15.61
2024-04-01,Meta Ads,Display,SaaS,India,151864,4358,0.0287,1.69,7365.02,175,42.09,45340.29,6.16,4140,175,140,4.23,52.61
2024-04-27,Google Ads,Shopping,EdTech,UAE,182926,6749,0.0369,1.94,13093.06,343,38.17,53279.93,4.07,6411,343,274,5.35,47.78
2024-10-25,Meta Ads,Shopping,E-commerce,India,107489,2515,0.0234,1.4,3521.0,166,21.21,18411.15,5.23,2389,166,132,6.95,26.67
2024-08-03,TikTok Ads,Search,Healthcare,India,40709,1314,0.0323,0.7,919.8,90,10.22,16081.05,17.48,1248,90,72,7.21,12.77
2024-09-24,Google Ads,Video,Fintech,Australia,143561,9144,0.0637,1.93,17647.92,630,28.01,123364.05,6.99,8686,630,504,7.25,35.02
2024-03-24,Google Ads,Shopping,Fintech,India,94242,5466,0.058,1.67,9128.22,100,91.28,6794.77,0.74,5192,100,80,1.93,114.1
2024-09-23,Google Ads,Display,Healthcare,UAE,111311,5765,0.0518,2.71,15623.15,389,40.16,22317.92,1.43,5476,389,311,7.1,50.24
2024-09-24,TikTok Ads,Video,Fintech,USA,130865,9461,0.0723,1.48,14002.28,221,63.36,46411.13,3.31,8987,221,176,2.46,79.56
2024-01-02,Meta Ads,Video,EdTech,USA,138639,2204,0.0159,1.8,3967.2,154,25.76,35803.07,9.02,2093,154,123,7.36,32.25
2024-06-15,TikTok Ads,Shopping,SaaS,India,147355,7485,0.0508,0.91,6811.35,81,84.09,14520.06,2.13,7110,81,64,1.14,106.43
2024-04-29,Meta Ads,Shopping,Fintech,UK,26751,489,0.0183,1.93,943.77,8,117.97,791.56,0.84,464,8,6,1.72,157.29
2024-01-25,TikTok Ads,Display,SaaS,UK,42706,2084,0.0488,1.59,3313.56,35,94.67,4766.32,1.44,1979,35,28,1.77,118.34
2024-09-02,Meta Ads,Video,SaaS,UAE,173337,3189,0.0184,2.03,6473.67,224,28.9,43055.91,6.65,3029,224,179,7.4,36.17
2024-07-28,Meta Ads,Shopping,SaaS,Canada,99948,1389,0.0139,1.04,1444.56,67,21.56,4987.6,3.45,1319,67,53,5.08,27.26
2024-03-30,Google Ads,Video,Healthcare,Canada,65282,1723,0.0264,1.91,3290.93,64,51.42,16624.45,5.05,1636,64,51,3.91,64.53
2024-02-01,Google Ads,Video,EdTech,USA,48790,2824,0.0579,1.3,3671.2,178,20.62,37847.71,10.31,2682,178,142,6.64,25.85
2024-07-16,Google Ads,Shopping,EdTech,UAE,163272,5551,0.034,2.23,12378.73,135,91.69,38753.89,3.13,5273,135,108,2.56,114.62
2024-11-04,Google Ads,Video,EdTech,Australia,149233,3686,0.0247,1.0,3686.0,250,14.74,16524.46,4.48,3501,250,200,7.14,18.43
2024-02-27,TikTok Ads,Search,SaaS,UAE,7637,415,0.0544,1.54,639.1,10,63.91,1137.83,1.78,394,10,8,2.54,79.89
2024-01-04,Google Ads,Display,Fintech,UK,20198,878,0.0435,2.68,2353.04,67,35.12,5967.58,2.54,834,67,53,8.03,44.4
2024-09-11,Google Ads,Search,EdTech,UAE,32675,941,0.0288,1.09,1025.69,47,21.82,12632.32,12.32,893,47,37,5.26,27.72
2024-02-28,Google Ads,Search,EdTech,USA,116560,4312,0.037,2.79,12030.48,198,60.76,51746.42,4.3,4096,198,158,4.83,76.14
2024-01-27,Meta Ads,Display,E-commerce,Australia,176459,3670,0.0208,1.91,7009.7,65,107.84,2483.8,0.35,3486,65,52,1.86,134.8
2024-09-02,Meta Ads,Shopping,SaaS,Australia,49980,1664,0.0333,1.98,3294.72,37,89.05,6236.77,1.89,1580,37,29,2.34,113.61
2024-01-07,Meta Ads,Video,Healthcare,Germany,98944,1850,0.0187,1.42,2627.0,78,33.68,17285.68,6.58,1757,78,62,4.44,42.37
2024-04-01,TikTok Ads,Video,Healthcare,USA,115310,3205,0.0278,1.04,3333.2,134,24.87,14521.43,4.36,3044,134,107,4.4,31.15
2024-08-08,Meta Ads,Search,E-commerce,India,8626,242,0.0281,1.13,273.46,18,15.19,3013.54,11.02,229,18,14,7.86,19.53
2024-01-05,Meta Ads,Display,E-commerce,Germany,88732,1579,0.0178,0.44,694.76,32,21.71,4757.82,6.85,1500,32,25,2.13,27.79
2024-06-20,Meta Ads,Video,EdTech,Germany,29502,604,0.0205,1.61,972.44,30,32.41,5842.59,6.01,573,30,24,5.24,40.52
2024-09-14,TikTok Ads,Search,E-commerce,Canada,198085,14460,0.073,0.82,11857.2,1133,10.47,295028.26,24.88,13737,1133,906,8.25,13.09
2024-07-14,Meta Ads,Shopping,Healthcare,USA,111802,2247,0.0201,1.65,3707.55,163,22.75,6163.84,1.66,2134,163,130,7.64,28.52
2024-08-01,Google Ads,Shopping,EdTech,UAE,65186,1955,0.03,2.26,4418.3,89,49.64,13375.79,3.03,1857,89,71,4.79,62.23
2024-06-15,TikTok Ads,Video,EdTech,UK,101176,6505,0.0643,0.96,6244.8,459,13.61,44008.34,7.05,6179,459,367,7.43,17.02
2024-08-07,TikTok Ads,Video,SaaS,UAE,41307,1367,0.0331,0.57,779.19,92,8.47,6211.99,7.97,1298,92,73,7.09,10.67
2024-05-12,Meta Ads,Video,EdTech,UK,174579,3247,0.0186,1.33,4318.51,187,23.09,41760.07,9.67,3084,187,149,6.06,28.98
2024-02-14,Meta Ads,Video,SaaS,India,83137,2045,0.0246,1.01,2065.45,37,55.82,1798.59,0.87,1942,37,29,1.91,71.22
2024-01-04,Meta Ads,Search,Healthcare,UK,122897,2040,0.0166,0.77,1570.8,159,9.88,45753.83,29.13,1938,159,127,8.2,12.37
2024-10-17,TikTok Ads,Search,Healthcare,India,47462,1803,0.038,0.53,955.59,98,9.75,29213.28,30.57,1712,98,78,5.72,12.25
2024-06-19,TikTok Ads,Display,EdTech,Germany,99202,6428,0.0648,1.54,9899.12,165,59.99,34456.26,3.48,6106,165,132,2.7,74.99
2024-02-26,Meta Ads,Shopping,SaaS,USA,125871,3083,0.0245,1.72,5302.76,185,28.66,27759.15,5.23,2928,185,148,6.32,35.83
2024-03-10,Google Ads,Search,Healthcare,UK,8880,216,0.0244,2.06,444.96,6,74.16,1186.19,2.67,205,6,4,2.93,111.24
2024-11-30,Google Ads,Shopping,EdTech,USA,156388,7021,0.0449,1.64,11514.44,315,36.55,34670.52,3.01,6669,315,252,4.72,45.69
2024-03-27,Google Ads,Video,EdTech,UK,109672,2675,0.0244,2.55,6821.25,50,136.43,11521.03,1.69,2541,50,40,1.97,170.53
2024-05-07,Meta Ads,Display,SaaS,UAE,70030,1470,0.021,1.68,2469.6,90,27.44,9384.9,3.8,1396,90,72,6.45,34.3
2024-01-03,Meta Ads,Video,EdTech,India,149375,6109,0.0409,2.18,13317.62,89,149.64,22418.8,1.68,5803,89,71,1.53,187.57
2024-06-07,Meta Ads,Search,Fintech,Canada,123171,3756,0.0305,1.86,6986.16,52,134.35,7553.6,1.08,3568,52,41,1.46,170.39
2024-03-16,Meta Ads,Search,SaaS,UK,52779,596,0.0113,1.09,649.64,35,18.56,3583.95,5.52,566,35,28,6.18,23.2
2024-05-23,Google Ads,Display,Fintech,USA,117036,3569,0.0305,2.13,7601.97,178,42.71,11935.14,1.57,3390,178,142,5.25,53.54
2024-07-17,TikTok Ads,Shopping,E-commerce,UAE,177517,13917,0.0784,0.91,12664.47,671,18.87,36680.47,2.9,13221,671,536,5.08,23.63
2024-12-30,TikTok Ads,Search,EdTech,Germany,196349,8325,0.0424,0.69,5744.25,398,14.43,42464.91,7.39,7908,398,318,5.03,18.06
2024-10-31,TikTok Ads,Search,SaaS,UAE,174898,13029,0.0745,1.26,16416.54,822,19.97,162206.84,9.88,12377,822,657,6.64,24.99
2024-06-30,Google Ads,Display,EdTech,USA,83972,4903,0.0584,2.9,14218.7,341,41.7,36574.45,2.57,4657,341,272,7.32,52.27
2024-04-26,Meta Ads,Search,Fintech,USA,165371,2993,0.0181,1.51,4519.43,32,141.23,8918.68,1.97,2843,32,25,1.13,180.78
2024-08-30,TikTok Ads,Shopping,Fintech,USA,133949,7219,0.0539,1.52,10972.88,73,150.31,21583.28,1.97,6858,73,58,1.06,189.19
2024-09-15,TikTok Ads,Display,Fintech,Australia,105400,7704,0.0731,1.11,8551.44,442,19.35,49251.38,5.76,7318,442,353,6.04,24.23
2024-08-04,Google Ads,Shopping,EdTech,USA,63959,2014,0.0315,2.28,4591.92,150,30.61,37769.59,8.23,1913,150,120,7.84,38.27
2024-03-06,Google Ads,Search,SaaS,India,6044,146,0.0242,1.13,164.98,5,33.0,611.36,3.71,138,5,4,3.62,41.24
2024-04-08,Google Ads,Shopping,Fintech,USA,90945,3637,0.04,3.02,10983.74,145,75.75,21488.5,1.96,3455,145,116,4.2,94.69
2024-02-01,Google Ads,Search,SaaS,UK,73681,4457,0.0605,1.77,7888.89,95,83.04,11815.26,1.5,4234,95,76,2.24,103.8
2024-12-14,Google Ads,Display,Healthcare,Australia,195545,8799,0.045,2.98,26221.02,444,59.06,122723.09,4.68,8359,444,355,5.31,73.86
2024-07-14,Google Ads,Shopping,E-commerce,USA,46846,2183,0.0466,3.36,7334.88,46,159.45,5098.84,0.7,2073,46,36,2.22,203.75
2024-07-03,Google Ads,Shopping,Healthcare,Canada,183428,4549,0.0248,2.11,9598.39,135,71.1,6604.0,0.69,4321,135,108,3.12,88.87
2024-05-09,Google Ads,Shopping,EdTech,Australia,173913,5860,0.0337,3.46,20275.6,111,182.66,20779.66,1.02,5567,111,88,1.99,230.4
2024-05-05,Google Ads,Video,SaaS,USA,190541,9527,0.05,2.17,20673.59,157,131.68,5416.71,0.26,9050,157,125,1.73,165.39
2024-09-11,TikTok Ads,Video,SaaS,Canada,122116,5507,0.0451,0.98,5396.86,110,49.06,3555.98,0.66,5231,110,88,2.1,61.33
2024-03-23,Google Ads,Display,Fintech,India,47879,1149,0.024,3.06,3515.94,25,140.64,3124.11,0.89,1091,25,20,2.29,175.8
2024-10-08,Meta Ads,Search,Healthcare,USA,164876,5820,0.0353,0.74,4306.8,463,9.3,73917.74,17.16,5529,463,370,8.37,11.64
2024-05-13,Meta Ads,Display,SaaS,USA,163253,1779,0.0109,0.51,907.29,121,7.5,18762.73,20.68,1690,121,96,7.16,9.45
2024-10-04,Meta Ads,Shopping,Fintech,India,120631,1532,0.0127,0.77,1179.64,114,10.35,25286.78,21.44,1455,114,91,7.84,12.96
2024-04-29,Meta Ads,Display,Fintech,Australia,12610,197,0.0157,0.66,130.02,11,11.82,2637.16,20.28,187,11,8,5.88,16.25
2024-01-12,Meta Ads,Video,Healthcare,UK,62676,595,0.0095,2.42,1439.9,32,45.0,1319.08,0.92,565,32,25,5.66,57.6
2024-07-10,Google Ads,Search,Fintech,UK,59943,2163,0.0361,3.29,7116.27,114,62.42,4800.81,0.67,2054,114,91,5.55,78.2
2024-10-20,Meta Ads,Display,SaaS,USA,78302,900,0.0115,0.49,441.0,52,8.48,6354.23,14.41,855,52,41,6.08,10.76
2024-09-04,Google Ads,Video,EdTech,UK,154805,9535,0.0616,0.96,9153.6,525,17.44,18155.37,1.98,9058,525,420,5.8,21.79
2024-05-09,TikTok Ads,Video,Fintech,Australia,41839,2991,0.0715,0.99,2961.09,45,65.8,9665.89,3.26,2841,45,36,1.58,82.25
2024-06-17,Meta Ads,Shopping,SaaS,India,127872,2953,0.0231,0.59,1742.27,150,11.62,15282.38,8.77,2805,150,120,5.35,14.52
2024-11-04,Google Ads,Display,Fintech,Germany,146779,5019,0.0342,2.22,11142.18,349,31.93,91145.36,8.18,4768,349,279,7.32,39.94
2024-06-26,Google Ads,Shopping,EdTech,USA,133588,6545,0.049,1.68,10995.6,241,45.62,34421.71,3.13,6217,241,192,3.88,57.27
2024-01-29,Google Ads,Video,Fintech,UK,82462,3916,0.0475,2.1,8223.6,199,41.32,48785.37,5.93,3720,199,159,5.35,51.72
2024-01-18,Google Ads,Display,E-commerce,Australia,55248,1646,0.0298,2.6,4279.6,43,99.53,12311.15,2.88,1563,43,34,2.75,125.87
2024-08-09,Google Ads,Display,Healthcare,UAE,90374,2349,0.026,0.97,2278.53,69,33.02,5506.03,2.42,2231,69,55,3.09,41.43
2024-03-06,Meta Ads,Video,EdTech,USA,104976,1238,0.0118,1.52,1881.76,16,117.61,4162.98,2.21,1176,16,12,1.36,156.81
2024-11-10,Google Ads,Display,SaaS,Australia,124774,3481,0.0279,1.21,4212.01,113,37.27,4447.19,1.06,3306,113,90,3.42,46.8
2024-08-14,Google Ads,Search,SaaS,USA,109263,2829,0.0259,0.88,2489.52,129,19.3,14321.34,5.75,2687,129,103,4.8,24.17
2024-06-13,Google Ads,Video,Fintech,UAE,105814,6126,0.0579,2.79,17091.54,289,59.14,45447.24,2.66,5819,289,231,4.97,73.99
2024-08-16,TikTok Ads,Shopping,Healthcare,Canada,41113,2347,0.0571,0.96,2253.12,33,68.28,2659.26,1.18,2229,33,26,1.48,86.66
2024-01-15,Google Ads,Search,SaaS,Canada,43098,1620,0.0376,2.73,4422.6,39,113.4,7135.44,1.61,1539,39,31,2.53,142.66
2024-08-28,Meta Ads,Display,E-commerce,Canada,25991,309,0.0119,1.52,469.68,14,33.55,2306.63,4.91,293,14,11,4.78,42.7
2024-11-21,Google Ads,Display,EdTech,India,150778,2985,0.0198,1.39,4149.15,59,70.32,16435.61,3.96,2835,59,47,2.08,88.28
2024-07-17,Google Ads,Video,EdTech,Germany,113500,7604,0.067,1.3,9885.2,340,29.07,21520.64,2.18,7223,340,272,4.71,36.34
2024-10-31,Meta Ads,Video,EdTech,UAE,140453,4213,0.03,1.09,4592.17,56,82.0,4347.77,0.95,4002,56,44,1.4,104.37
2024-04-21,TikTok Ads,Display,SaaS,Germany,27936,1402,0.0502,1.32,1850.64,99,18.69,26865.9,14.52,1331,99,79,7.44,23.43
2024-02-27,TikTok Ads,Display,SaaS,UK,133303,4225,0.0317,1.53,6464.25,139,46.51,8508.68,1.32,4013,139,111,3.46,58.24
2024-05-02,Google Ads,Video,EdTech,UAE,117333,2898,0.0247,3.93,11389.14,48,237.27,5367.73,0.47,2753,48,38,1.74,299.71
2024-09-14,Meta Ads,Display,SaaS,USA,152680,6214,0.0407,2.1,13049.4,283,46.11,13261.37,1.02,5903,283,226,4.79,57.74
2024-09-20,Google Ads,Display,Healthcare,USA,168384,4681,0.0278,2.57,12030.17,267,45.06,58628.48,4.87,4446,267,213,6.01,56.48
2024-08-22,Google Ads,Display,Fintech,Australia,106026,5152,0.0486,1.72,8861.44,240,36.92,50663.13,5.72,4894,240,192,4.9,46.15
2024-04-22,Google Ads,Search,E-commerce,Germany,107364,4895,0.0456,2.65,12971.75,200,64.86,42108.23,3.25,4650,200,160,4.3,81.07
2024-06-25,Google Ads,Video,EdTech,UK,132152,7572,0.0573,1.14,8632.08,552,15.64,115644.47,13.4,7193,552,441,7.67,19.57
2024-07-14,Google Ads,Shopping,Fintech,Australia,116695,5799,0.0497,3.13,18150.87,372,48.79,56034.95,3.09,5509,372,297,6.75,61.11
2024-11-28,Meta Ads,Search,E-commerce,UK,116030,4177,0.036,0.9,3759.3,188,20.0,8691.11,2.31,3968,188,150,4.74,25.06
2024-08-11,TikTok Ads,Search,E-commerce,Australia,164599,11209,0.0681,0.41,4595.69,653,7.04,133415.01,29.03,10648,653,522,6.13,8.8
2024-04-18,TikTok Ads,Video,Fintech,India,188844,12860,0.0681,0.98,12602.8,892,14.13,133607.64,10.6,12217,892,713,7.3,17.68
2024-09-10,TikTok Ads,Search,E-commerce,Canada,90468,5753,0.0636,0.8,4602.4,141,32.64,12042.73,2.62,5465,141,112,2.58,41.09
2024-06-24,Google Ads,Video,E-commerce,Australia,117223,7935,0.0677,2.02,16028.7,166,96.56,47449.87,2.96,7538,166,132,2.2,121.43
2024-03-26,TikTok Ads,Shopping,SaaS,Germany,93478,5786,0.0619,0.42,2430.12,272,8.93,27905.19,11.48,5496,272,217,4.95,11.2
2024-11-29,Google Ads,Video,EdTech,Canada,9134,228,0.025,1.39,316.92,2,158.46,329.55,1.04,216,2,1,0.93,316.92
2024-05-10,Meta Ads,Display,E-commerce,UAE,29485,1341,0.0455,1.41,1890.81,46,41.1,4626.55,2.45,1273,46,36,3.61,52.52
2024-12-23,TikTok Ads,Video,SaaS,Canada,22221,1706,0.0768,0.5,853.0,74,11.53,14659.06,17.19,1620,74,59,4.57,14.46
2024-06-19,Google Ads,Display,SaaS,Germany,178567,8374,0.0469,1.33,11137.42,98,113.65,8808.29,0.79,7955,98,78,1.23,142.79
2024-10-06,TikTok Ads,Display,E-commerce,Australia,93074,4225,0.0454,1.54,6506.5,300,21.69,11467.08,1.76,4013,300,240,7.48,27.11
2024-12-24,Google Ads,Search,Healthcare,Australia,155840,4566,0.0293,1.12,5113.92,312,16.39,40138.5,7.85,4337,312,249,7.19,20.54
2024-07-21,TikTok Ads,Display,E-commerce,India,21956,1611,0.0734,1.41,2271.51,79,28.75,9545.28,4.2,1530,79,63,5.16,36.06
2024-05-06,Meta Ads,Search,E-commerce,USA,177224,2374,0.0134,1.57,3727.18,142,26.25,18303.42,4.91,2255,142,113,6.3,32.98
2024-11-04,Google Ads,Search,EdTech,UAE,93720,2661,0.0284,1.7,4523.7,104,43.5,18904.07,4.18,2527,104,83,4.12,54.5
2024-05-28,Google Ads,Display,EdTech,USA,169909,7781,0.0458,2.5,19452.5,124,156.88,26123.28,1.34,7391,124,99,1.68,196.49
2024-08-05,Meta Ads,Video,Healthcare,USA,46548,1047,0.0225,1.55,1622.85,28,57.96,7800.92,4.81,994,28,22,2.82,73.77
2024-12-08,Meta Ads,Search,Healthcare,USA,6875,158,0.0231,1.83,289.14,2,144.57,386.94,1.34,150,2,1,1.33,289.14
2024-12-26,Google Ads,Search,SaaS,India,106975,4300,0.0402,2.39,10277.0,335,30.68,35904.36,3.49,4085,335,268,8.2,38.35
2024-02-08,Google Ads,Shopping,SaaS,UK,10574,389,0.0368,2.59,1007.51,6,167.92,908.68,0.9,369,6,4,1.63,251.88
2024-07-16,TikTok Ads,Video,Fintech,Australia,147658,6939,0.047,0.86,5967.54,282,21.16,39581.75,6.63,6592,282,225,4.28,26.52
2024-06-02,Meta Ads,Shopping,SaaS,Canada,52013,1565,0.0301,1.03,1611.95,23,70.08,6481.69,4.02,1486,23,18,1.55,89.55
2024-10-18,Google Ads,Search,E-commerce,India,49484,1118,0.0226,2.05,2291.9,79,29.01,18417.53,8.04,1062,79,63,7.44,36.38
2024-07-04,Google Ads,Search,Healthcare,USA,18877,545,0.0289,3.2,1744.0,26,67.08,5981.0,3.43,517,26,20,5.03,87.2
2024-04-15,Meta Ads,Shopping,Healthcare,UK,106505,1022,0.0096,1.8,1839.6,27,68.13,2467.18,1.34,970,27,21,2.78,87.6
2024-05-25,Google Ads,Search,E-commerce,India,65107,1777,0.0273,1.63,2896.51,128,22.63,29612.56,10.22,1688,128,102,7.58,28.4
2024-03-02,Google Ads,Shopping,SaaS,India,69839,1620,0.0232,1.26,2041.2,80,25.52,22785.52,11.16,1539,80,64,5.2,31.89
2024-02-27,Google Ads,Video,SaaS,USA,104794,5920,0.0565,3.66,21667.2,359,60.35,21837.83,1.01,5624,359,287,6.38,75.5
2024-04-14,Meta Ads,Video,EdTech,USA,33549,1224,0.0365,0.76,930.24,89,10.45,26101.34,28.06,1162,89,71,7.66,13.1
2024-02-17,Google Ads,Video,SaaS,Germany,133027,7808,0.0587,1.26,9838.08,153,64.3,22193.12,2.26,7417,153,122,2.06,80.64
2024-11-12,Meta Ads,Video,EdTech,Germany,27419,1192,0.0435,1.83,2181.36,38,57.4,5935.39,2.72,1132,38,30,3.36,72.71
2024-05-24,Google Ads,Video,Healthcare,Canada,102648,2330,0.0227,2.55,5941.5,157,37.84,28653.63,4.82,2213,157,125,7.09,47.53
2024-01-20,Google Ads,Display,E-commerce,Canada,181687,8321,0.0458,3.14,26127.94,651,40.14,189283.47,7.24,7904,651,520,8.24,50.25
2024-07-22,Google Ads,Display,SaaS,UK,166792,6071,0.0364,3.15,19123.65,323,59.21,23590.83,1.23,5767,323,258,5.6,74.12
2024-06-26,TikTok Ads,Search,SaaS,USA,7889,416,0.0528,1.0,416.0,16,26.0,2147.95,5.16,395,16,12,4.05,34.67
2024-11-14,Meta Ads,Video,E-commerce,India,129746,4891,0.0377,1.81,8852.71,117,75.66,26101.17,2.95,4646,117,93,2.52,95.19
2024-03-17,Google Ads,Display,E-commerce,Germany,94506,3269,0.0346,1.56,5099.64,193,26.42,7342.38,1.44,3105,193,154,6.22,33.11
2024-05-17,Google Ads,Display,EdTech,Canada,12086,594,0.0492,2.46,1461.24,21,69.58,3418.15,2.34,564,21,16,3.72,91.33
2024-05-07,TikTok Ads,Display,SaaS,UK,145497,4743,0.0326,0.35,1660.05,313,5.3,81349.35,49.0,4505,313,250,6.95,6.64
2024-05-18,Meta Ads,Search,EdTech,UAE,14491,259,0.0179,1.7,440.3,3,146.77,260.32,0.59,246,3,2,1.22,220.15
2024-03-13,Meta Ads,Shopping,Fintech,UAE,156043,4478,0.0287,1.33,5955.74,193,30.86,22322.38,3.75,4254,193,154,4.54,38.67
2024-07-19,TikTok Ads,Display,Healthcare,UK,115304,3551,0.0308,1.56,5539.56,232,23.88,22178.1,4.0,3373,232,185,6.88,29.94
2024-09-24,TikTok Ads,Shopping,Fintech,UAE,132571,9147,0.069,1.02,9329.94,502,18.59,55471.3,5.95,8689,502,401,5.78,23.27
2024-11-13,Google Ads,Display,E-commerce,UAE,92502,2960,0.032,2.06,6097.6,201,30.34,47885.36,7.85,2812,201,160,7.15,38.11
2024-11-23,Google Ads,Display,EdTech,USA,133792,6943,0.0519,2.35,16316.05,186,87.72,17630.23,1.08,6595,186,148,2.82,110.24
2024-12-26,Google Ads,Display,EdTech,UK,77258,3963,0.0513,1.8,7133.4,135,52.84,34518.13,4.84,3764,135,108,3.59,66.05
2024-05-10,Google Ads,Display,EdTech,UAE,74672,2665,0.0357,1.56,4157.4,129,32.23,32318.91,7.77,2531,129,103,5.1,40.36
2024-04-18,TikTok Ads,Search,Healthcare,Australia,41558,1757,0.0423,1.21,2125.97,72,29.53,18414.15,8.66,1669,72,57,4.31,37.3
2024-12-05,Google Ads,Shopping,Healthcare,Australia,134560,5947,0.0442,2.84,16889.48,144,117.29,23257.77,1.38,5649,144,115,2.55,146.87
2024-05-26,TikTok Ads,Search,E-commerce,Canada,143518,10491,0.0731,0.85,8917.35,313,28.49,46285.52,5.19,9966,313,250,3.14,35.67
2024-10-09,Meta Ads,Video,Fintech,UK,7402,91,0.0124,2.08,189.28,6,31.55,1105.17,5.84,86,6,4,6.98,47.32
2024-09-25,Google Ads,Shopping,EdTech,Australia,49225,2367,0.0481,1.84,4355.28,137,31.79,8811.53,2.02,2248,137,109,6.09,39.96
2024-07-28,Google Ads,Video,Healthcare,India,173678,11428,0.0658,2.11,24113.08,310,77.78,83080.36,3.45,10856,310,248,2.86,97.23
2024-03-07,Meta Ads,Display,Healthcare,Australia,92793,1261,0.0136,0.37,466.57,80,5.83,13024.34,27.92,1197,80,64,6.68,7.29
2024-08-09,TikTok Ads,Video,SaaS,UK,122408,6671,0.0545,1.17,7805.07,293,26.64,67215.82,8.61,6337,293,234,4.62,33.35
2024-07-04,TikTok Ads,Search,E-commerce,UAE,162826,7815,0.048,1.64,12816.6,120,106.81,13520.75,1.05,7424,120,96,1.62,133.51
2024-07-10,Meta Ads,Shopping,Healthcare,India,134614,3190,0.0237,1.78,5678.2,188,30.2,41736.54,7.35,3030,188,150,6.2,37.85
2024-03-18,Google Ads,Shopping,Fintech,India,116451,3388,0.0291,3.39,11485.32,188,61.09,28791.61,2.51,3218,188,150,5.84,76.57
2024-02-13,Google Ads,Search,E-commerce,Germany,188276,11277,0.0599,2.48,27966.96,554,50.48,89376.47,3.2,10713,554,443,5.17,63.13
2024-07-14,Meta Ads,Search,Fintech,Australia,165552,4337,0.0262,2.22,9628.14,132,72.94,21448.35,2.23,4120,132,105,3.2,91.7
2024-08-18,Meta Ads,Video,EdTech,UK,82271,3397,0.0413,0.52,1766.44,36,49.07,6412.73,3.63,3227,36,28,1.12,63.09
2024-12-30,TikTok Ads,Search,Fintech,Germany,61921,3814,0.0616,0.31,1182.34,50,23.65,8842.35,7.48,3623,50,40,1.38,29.56
2024-09-26,Google Ads,Shopping,E-commerce,Canada,161089,6540,0.0406,2.1,13734.0,285,48.19,49746.79,3.62,6213,285,228,4.59,60.24
2024-09-13,Google Ads,Shopping,Healthcare,USA,85618,2679,0.0313,0.92,2464.68,74,33.31,6024.46,2.44,2545,74,59,2.91,41.77
2024-12-12,Meta Ads,Search,Healthcare,Australia,30457,606,0.0199,0.58,351.48,34,10.34,4981.94,14.17,575,34,27,5.91,13.02
2024-01-25,TikTok Ads,Search,E-commerce,India,46420,1880,0.0405,1.9,3572.0,113,31.61,5769.59,1.62,1786,113,90,6.33,39.69
2024-08-21,Google Ads,Search,E-commerce,UK,180746,5024,0.0278,1.28,6430.72,64,100.48,17709.21,2.75,4772,64,51,1.34,126.09
2024-06-26,TikTok Ads,Search,SaaS,Germany,131244,5604,0.0427,0.38,2129.52,229,9.3,65541.49,30.78,5323,229,183,4.3,11.64
2024-03-01,Google Ads,Search,E-commerce,Germany,86678,2158,0.0249,1.45,3129.1,163,19.2,27708.88,8.86,2050,163,130,7.95,24.07
2024-11-03,Google Ads,Display,EdTech,Canada,70226,4037,0.0575,2.16,8719.92,240,36.33,68153.47,7.82,3835,240,192,6.26,45.42
2024-12-01,Google Ads,Search,Fintech,Germany,124119,6416,0.0517,2.55,16360.8,358,45.7,48445.72,2.96,6095,358,286,5.87,57.21
2024-05-16,Google Ads,Shopping,Healthcare,UAE,126292,5165,0.0409,1.49,7695.85,110,69.96,14074.18,1.83,4906,110,88,2.24,87.45
2024-02-23,Google Ads,Video,E-commerce,Canada,189935,10161,0.0535,1.49,15139.89,615,24.62,31748.86,2.1,9652,615,492,6.37,30.77
2024-04-16,Google Ads,Display,EdTech,UAE,103066,2380,0.0231,2.49,5926.2,121,48.98,20395.26,3.44,2261,121,96,5.35,61.73
2024-03-30,Meta Ads,Shopping,E-commerce,USA,11083,193,0.0175,0.83,160.19,11,14.56,912.82,5.7,183,11,8,6.01,20.02
2024-04-25,Meta Ads,Display,EdTech,UAE,6074,128,0.0212,1.51,193.28,5,38.66,1253.71,6.49,121,5,4,4.13,48.32
2024-10-11,TikTok Ads,Video,Healthcare,Canada,54752,2814,0.0514,0.86,2420.04,137,17.66,13580.22,5.61,2673,137,109,5.13,22.2
2024-02-10,Meta Ads,Video,Healthcare,UK,141313,4762,0.0337,1.05,5000.1,207,24.16,26737.15,5.35,4523,207,165,4.58,30.3
2024-11-28,TikTok Ads,Display,EdTech,USA,34669,1965,0.0567,1.61,3163.65,74,42.75,12153.4,3.84,1866,74,59,3.97,53.62
2024-03-17,Meta Ads,Display,E-commerce,Australia,104714,1015,0.0097,0.93,943.95,78,12.1,20952.03,22.2,964,78,62,8.09,15.23
2024-05-30,TikTok Ads,Video,Healthcare,UAE,109733,6616,0.0603,0.91,6020.56,516,11.67,53965.61,8.96,6285,516,412,8.21,14.61
2024-09-16,TikTok Ads,Display,SaaS,USA,67502,5859,0.0868,0.48,2812.32,395,7.12,42271.31,15.03,5566,395,316,7.1,8.9
2024-04-24,Google Ads,Display,E-commerce,Canada,129121,4893,0.0379,2.56,12526.08,137,91.43,7241.16,0.58,4648,137,109,2.95,114.92
2024-03-25,Google Ads,Video,Fintech,USA,173102,4414,0.0255,3.4,15007.6,341,44.01,52487.34,3.5,4193,341,272,8.13,55.18
2024-03-27,Google Ads,Shopping,EdTech,Canada,140607,6397,0.0455,1.43,9147.71,393,23.28,82224.93,8.99,6077,393,314,6.47,29.13
2024-01-11,Google Ads,Search,Healthcare,Germany,48351,2156,0.0446,3.16,6812.96,83,82.08,7504.87,1.1,2048,83,66,4.05,103.23
2024-04-06,TikTok Ads,Video,Fintech,Germany,118135,8151,0.069,0.69,5624.19,428,13.14,64189.34,11.41,7743,428,342,5.53,16.44
2024-06-25,TikTok Ads,Search,Fintech,UK,20185,878,0.0435,0.61,535.58,27,19.84,7476.28,13.96,834,27,21,3.24,25.5
2024-11-29,TikTok Ads,Video,E-commerce,Australia,50802,3617,0.0712,0.42,1519.14,279,5.44,22644.29,14.91,3436,279,223,8.12,6.81
2024-08-14,Meta Ads,Shopping,E-commerce,Canada,34048,694,0.0204,1.45,1006.3,49,20.54,12555.06,12.48,659,49,39,7.44,25.8
2024-02-23,TikTok Ads,Video,SaaS,UAE,56672,2397,0.0423,0.48,1150.56,138,8.34,33165.74,28.83,2277,138,110,6.06,10.46
2024-05-15,Google Ads,Video,Fintech,UAE,128962,7337,0.0569,1.35,9904.95,226,43.83,26098.81,2.63,6970,226,180,3.24,55.03
2024-09-22,Meta Ads,Video,Healthcare,UK,15532,593,0.0382,1.43,847.99,45,18.84,2243.79,2.65,563,45,36,7.99,23.56
2024-08-15,Google Ads,Video,Fintech,Australia,154666,5939,0.0384,1.28,7601.92,366,20.77,24965.13,3.28,5642,366,292,6.49,26.03
2024-08-22,TikTok Ads,Video,E-commerce,USA,9722,455,0.0469,1.21,550.55,29,18.98,3533.89,6.42,432,29,23,6.71,23.94
2024-08-10,Google Ads,Display,Fintech,Australia,24464,511,0.0209,1.12,572.32,20,28.62,5921.83,10.35,485,20,16,4.12,35.77
2024-02-09,Meta Ads,Video,E-commerce,India,170413,3936,0.0231,0.71,2794.56,63,44.36,12671.79,4.53,3739,63,50,1.68,55.89
2024-03-12,TikTok Ads,Video,Fintech,Germany,109205,4499,0.0412,0.84,3779.16,49,77.13,13660.38,3.61,4274,49,39,1.15,96.9
2024-08-20,Google Ads,Shopping,E-commerce,Germany,161926,5424,0.0335,3.29,17844.96,87,205.11,11807.21,0.66,5152,87,69,1.69,258.62
2024-10-14,Meta Ads,Search,E-commerce,UK,125725,1646,0.0131,0.81,1333.26,19,70.17,2319.58,1.74,1563,19,15,1.22,88.88
2024-05-17,TikTok Ads,Video,Healthcare,UAE,116301,4198,0.0361,1.45,6087.1,212,28.71,37780.9,6.21,3988,212,169,5.32,36.02
2024-12-12,Google Ads,Shopping,SaaS,Canada,88251,2665,0.0302,1.29,3437.85,151,22.77,17509.21,5.09,2531,151,120,5.97,28.65
2024-10-12,Google Ads,Video,EdTech,Germany,185378,3244,0.0175,1.82,5904.08,246,24.0,67552.8,11.44,3081,246,196,7.98,30.12
2024-08-13,Meta Ads,Shopping,SaaS,USA,177905,5532,0.0311,0.98,5421.36,370,14.65,14673.05,2.71,5255,370,296,7.04,18.32
2024-08-16,Meta Ads,Video,E-commerce,Canada,122845,2714,0.0221,0.57,1546.98,143,10.82,36419.79,23.54,2578,143,114,5.55,13.57
2024-06-17,Meta Ads,Video,Healthcare,Germany,36017,1210,0.0336,1.01,1222.1,28,43.65,1258.31,1.03,1149,28,22,2.44,55.55
2024-05-13,Google Ads,Search,EdTech,USA,71267,3962,0.0556,0.93,3684.66,287,12.84,50107.59,13.6,3763,287,229,7.63,16.09
2024-01-04,Meta Ads,Display,EdTech,India,97152,1156,0.0119,0.54,624.24,43,14.52,4965.75,7.95,1098,43,34,3.92,18.36
2024-09-03,Meta Ads,Shopping,E-commerce,USA,33834,906,0.0268,0.88,797.28,23,34.66,2361.23,2.96,860,23,18,2.67,44.29
2024-12-14,TikTok Ads,Shopping,E-commerce,Canada,183775,7093,0.0386,1.0,7093.0,373,19.02,88634.0,12.5,6738,373,298,5.54,23.8
2024-08-31,Meta Ads,Search,Fintech,UAE,199405,5204,0.0261,0.96,4995.84,333,15.0,25169.83,5.04,4943,333,266,6.74,18.78
2024-03-19,TikTok Ads,Search,Healthcare,Germany,169512,9475,0.0559,1.41,13359.75,203,65.81,26995.02,2.02,9001,203,162,2.26,82.47
2024-11-06,Google Ads,Display,EdTech,India,14884,541,0.0364,3.25,1758.25,43,40.89,4123.58,2.35,513,43,34,8.38,51.71
2024-11-19,TikTok Ads,Shopping,Healthcare,Germany,47623,1695,0.0356,1.85,3135.75,36,87.1,9884.86,3.15,1610,36,28,2.24,111.99
2024-11-24,Meta Ads,Search,E-commerce,USA,102780,1952,0.019,1.2,2342.4,63,37.18,16160.9,6.9,1854,63,50,3.4,46.85
2024-02-10,Google Ads,Shopping,Healthcare,Australia,167717,4142,0.0247,1.73,7165.66,71,100.92,15937.54,2.22,3934,71,56,1.8,127.96
2024-09-05,Meta Ads,Search,E-commerce,UK,189598,6673,0.0352,1.99,13279.27,170,78.11,36177.68,2.72,6339,170,136,2.68,97.64
2024-01-21,TikTok Ads,Display,SaaS,Germany,92273,6237,0.0676,1.41,8794.17,291,30.22,72065.02,8.19,5925,291,232,4.91,37.91
2024-09-05,Google Ads,Display,Fintech,UK,118884,5932,0.0499,2.95,17499.4,450,38.89,121374.91,6.94,5635,450,360,7.99,48.61
2024-04-04,Google Ads,Search,Healthcare,Australia,84303,4417,0.0524,3.12,13781.04,100,137.81,20354.89,1.48,4196,100,80,2.38,172.26
2024-01-04,Google Ads,Video,EdTech,Germany,89730,4621,0.0515,2.68,12384.28,277,44.71,13483.54,1.09,4389,277,221,6.31,56.04
2024-11-30,Google Ads,Search,SaaS,UK,174737,5207,0.0298,1.44,7498.08,398,18.84,90351.24,12.05,4946,398,318,8.05,23.58
2024-09-10,Google Ads,Shopping,Healthcare,Germany,145508,7158,0.0492,1.44,10307.52,566,18.21,76404.29,7.41,6800,566,452,8.32,22.8
2024-04-24,Google Ads,Shopping,EdTech,Australia,75649,1792,0.0237,2.78,4981.76,110,45.29,12588.99,2.53,1702,110,88,6.46,56.61
2024-03-25,TikTok Ads,Display,E-commerce,UK,85522,3378,0.0395,0.35,1182.3,167,7.08,30312.31,25.64,3209,167,133,5.2,8.89
2024-11-19,Meta Ads,Shopping,Healthcare,Canada,19588,434,0.0222,1.77,768.18,5,153.64,560.03,0.73,412,5,4,1.21,192.04
2024-11-02,TikTok Ads,Video,E-commerce,Canada,92985,8024,0.0863,0.85,6820.4,520,13.12,150774.99,22.11,7622,520,416,6.82,16.4
2024-03-21,Google Ads,Video,E-commerce,USA,134198,2670,0.0199,3.15,8410.5,71,118.46,14769.75,1.76,2536,71,56,2.8,150.19
2024-12-06,TikTok Ads,Search,E-commerce,Canada,25951,809,0.0312,0.48,388.32,61,6.37,10397.04,26.77,768,61,48,7.94,8.09
2024-10-19,Google Ads,Shopping,E-commerce,UK,55385,1678,0.0303,1.44,2416.32,64,37.76,18110.48,7.5,1594,64,51,4.02,47.38
2024-01-01,Google Ads,Search,SaaS,India,21702,1000,0.0461,3.17,3170.0,17,186.47,3670.88,1.16,950,17,13,1.79,243.85
2024-02-27,TikTok Ads,Search,SaaS,UAE,195972,13796,0.0704,0.5,6898.0,645,10.69,54701.33,7.93,13106,645,516,4.92,13.37
2024-09-12,Meta Ads,Search,Healthcare,UAE,73447,2401,0.0327,1.44,3457.44,93,37.18,11150.38,3.23,2280,93,74,4.08,46.72
2024-10-17,Meta Ads,Search,Healthcare,UAE,55867,1681,0.0301,1.98,3328.38,32,104.01,3790.94,1.14,1596,32,25,2.01,133.14
2024-05-19,Google Ads,Display,Fintech,UK,64567,1439,0.0223,2.29,3295.31,64,51.49,4231.38,1.28,1367,64,51,4.68,64.61
2024-07-02,TikTok Ads,Shopping,SaaS,Canada,97254,3374,0.0347,1.65,5567.1,63,88.37,17255.15,3.1,3205,63,50,1.97,111.34
2024-01-20,Meta Ads,Shopping,Healthcare,UK,147897,2144,0.0145,1.94,4159.36,24,173.31,3826.61,0.92,2036,24,19,1.18,218.91
2024-09-13,Meta Ads,Display,Healthcare,Germany,115379,5134,0.0445,2.41,12372.94,391,31.64,109895.16,8.88,4877,391,312,8.02,39.66
2024-03-03,Google Ads,Search,Fintech,UK,51566,1531,0.0297,1.39,2128.09,112,19.0,6716.48,3.16,1454,112,89,7.7,23.91
2024-06-18,Google Ads,Search,Healthcare,UAE,184889,6212,0.0336,2.17,13480.04,73,184.66,2434.91,0.18,5901,73,58,1.24,232.41
2024-04-17,TikTok Ads,Shopping,EdTech,Australia,100028,7402,0.074,0.73,5403.46,100,54.03,7280.48,1.35,7031,100,80,1.42,67.54
2024-07-31,TikTok Ads,Search,EdTech,India,29741,1287,0.0433,1.23,1583.01,55,28.78,6012.36,3.8,1222,55,44,4.5,35.98
2024-03-12,Google Ads,Shopping,Fintech,Australia,155033,5782,0.0373,2.17,12546.94,248,50.59,71470.23,5.7,5492,248,198,4.52,63.37
2024-08-15,TikTok Ads,Shopping,Fintech,Canada,13562,790,0.0583,1.18,932.2,40,23.3,7014.55,7.52,750,40,32,5.33,29.13
2024-01-18,Meta Ads,Shopping,Healthcare,UAE,84830,2612,0.0308,1.98,5171.76,84,61.57,6284.59,1.22,2481,84,67,3.39,77.19
2024-05-21,Meta Ads,Shopping,Healthcare,Germany,119427,1146,0.0096,1.93,2211.78,27,81.92,5094.36,2.3,1088,27,21,2.48,105.32
2024-08-15,Google Ads,Shopping,EdTech,India,175623,9483,0.054,0.97,9198.51,268,34.32,79311.56,8.62,9008,268,214,2.98,42.98
2024-07-25,Google Ads,Search,SaaS,Australia,93919,4968,0.0529,2.55,12668.4,308,41.13,66254.75,5.23,4719,308,246,6.53,51.5
2024-11-04,TikTok Ads,Display,Fintech,UAE,46190,3030,0.0656,0.42,1272.6,183,6.95,38945.83,30.6,2878,183,146,6.36,8.72
2024-10-29,Meta Ads,Display,Healthcare,Australia,152996,3136,0.0205,1.79,5613.44,82,68.46,6472.17,1.15,2979,82,65,2.75,86.36
2024-06-03,TikTok Ads,Shopping,E-commerce,UAE,62600,3142,0.0502,0.71,2230.82,245,9.11,17495.08,7.84,2984,245,196,8.21,11.38
2024-02-29,Meta Ads,Search,E-commerce,UAE,36127,610,0.0169,1.11,677.1,45,15.05,6906.4,10.2,579,45,36,7.77,18.81
2024-04-28,TikTok Ads,Video,EdTech,India,110940,6512,0.0587,1.41,9181.92,108,85.02,14612.87,1.59,6186,108,86,1.75,106.77
2024-04-01,Meta Ads,Search,E-commerce,UK,91332,3762,0.0412,0.65,2445.3,125,19.56,31285.11,12.79,3573,125,100,3.5,24.45
2024-08-27,TikTok Ads,Video,EdTech,UAE,149526,4321,0.0289,0.78,3370.38,120,28.09,25118.55,7.45,4104,120,96,2.92,35.11
2024-04-29,Meta Ads,Search,Healthcare,USA,77746,2861,0.0368,1.04,2975.44,82,36.29,21523.93,7.23,2717,82,65,3.02,45.78
2024-04-17,Google Ads,Video,Healthcare,UK,105804,3110,0.0294,0.97,3016.7,200,15.08,49067.29,16.27,2954,200,160,6.77,18.85
2024-09-15,Meta Ads,Video,Fintech,Germany,37599,1225,0.0326,1.3,1592.5,73,21.82,19164.89,12.03,1163,73,58,6.28,27.46
2024-04-14,Google Ads,Shopping,E-commerce,India,9791,519,0.0531,3.95,2050.05,40,51.25,2255.24,1.1,493,40,32,8.11,64.06
2024-02-29,Google Ads,Search,Healthcare,USA,34802,1708,0.0491,2.9,4953.2,72,68.79,6827.25,1.38,1622,72,57,4.44,86.9
2024-10-17,TikTok Ads,Display,Healthcare,India,81394,5192,0.0638,0.94,4880.48,253,19.29,41499.01,8.5,4932,253,202,5.13,24.16
2024-09-06,Google Ads,Shopping,E-commerce,Germany,101299,3504,0.0346,1.8,6307.2,250,25.23,36776.35,5.83,3328,250,200,7.51,31.54
2024-08-30,Meta Ads,Video,Healthcare,Germany,140431,1544,0.011,0.52,802.88,74,10.85,2904.54,3.62,1466,74,59,5.05,13.61
2024-06-04,Google Ads,Video,SaaS,Canada,113368,5260,0.0464,1.31,6890.6,168,41.02,8983.58,1.3,4997,168,134,3.36,51.42
2024-06-18,Google Ads,Display,E-commerce,Germany,89263,3695,0.0414,1.77,6540.15,155,42.19,19291.23,2.95,3510,155,124,4.42,52.74
2024-08-01,Meta Ads,Display,E-commerce,USA,168947,4510,0.0267,1.94,8749.4,179,48.88,48341.14,5.53,4284,179,143,4.18,61.18
2024-06-13,TikTok Ads,Search,EdTech,UAE,139511,8384,0.0601,1.35,11318.4,209,54.16,26357.3,2.33,7964,209,167,2.62,67.77
2024-09-12,Google Ads,Search,Fintech,UK,25927,1501,0.0579,1.01,1516.01,44,34.45,4091.03,2.7,1425,44,35,3.09,43.31
2024-11-20,Meta Ads,Shopping,E-commerce,Germany,165322,4529,0.0274,1.73,7835.17,167,46.92,38358.92,4.9,4302,167,133,3.88,58.91
2024-12-13,Meta Ads,Video,Healthcare,India,149542,2497,0.0167,1.04,2596.88,70,37.1,12612.87,4.86,2372,70,56,2.95,46.37
2024-09-17,Meta Ads,Video,Healthcare,UK,20021,462,0.0231,1.57,725.34,20,36.27,4554.08,6.28,438,20,16,4.57,45.33
2024-01-16,Google Ads,Shopping,SaaS,UAE,31783,781,0.0246,1.16,905.96,49,18.49,4886.84,5.39,741,49,39,6.61,23.23
2024-01-14,Meta Ads,Display,EdTech,India,171020,2616,0.0153,0.44,1151.04,41,28.07,9636.88,8.37,2485,41,32,1.65,35.97
2024-01-24,Google Ads,Shopping,Fintech,Australia,31325,858,0.0274,2.12,1818.96,43,42.3,2004.67,1.1,815,43,34,5.28,53.5
2024-12-30,Meta Ads,Display,SaaS,Australia,49134,1026,0.0209,0.8,820.8,16,51.3,1025.05,1.25,974,16,12,1.64,68.4
2024-04-30,Google Ads,Display,SaaS,India,114599,2028,0.0177,2.43,4928.04,29,169.93,5366.72,1.09,1926,29,23,1.51,214.26
2024-10-08,Meta Ads,Video,Fintech,UK,198581,1985,0.01,1.76,3493.6,38,91.94,8029.71,2.3,1885,38,30,2.02,116.45
2024-07-21,Google Ads,Video,SaaS,Canada,157890,9204,0.0583,3.37,31017.48,321,96.63,10260.33,0.33,8743,321,256,3.67,121.16
2024-04-04,Google Ads,Search,EdTech,Germany,161215,5948,0.0369,2.27,13501.96,439,30.76,105685.25,7.83,5650,439,351,7.77,38.47
2024-01-30,TikTok Ads,Video,Fintech,India,48147,3562,0.074,0.42,1496.04,163,9.18,41382.29,27.66,3383,163,130,4.82,11.51
2024-04-04,Meta Ads,Video,EdTech,USA,90818,3287,0.0362,0.8,2629.6,123,21.38,11242.68,4.28,3122,123,98,3.94,26.83
2024-06-28,Google Ads,Video,SaaS,India,118415,6500,0.0549,1.74,11310.0,458,24.69,110383.15,9.76,6175,458,366,7.42,30.9
2024-11-13,TikTok Ads,Shopping,SaaS,Germany,113886,4965,0.0436,1.34,6653.1,141,47.19,24007.44,3.61,4716,141,112,2.99,59.4
2024-03-29,Meta Ads,Display,Healthcare,USA,113668,2864,0.0252,1.57,4496.48,81,55.51,6109.21,1.36,2720,81,64,2.98,70.26
2024-06-21,Meta Ads,Shopping,Healthcare,Australia,76880,1798,0.0234,1.18,2121.64,91,23.31,8926.11,4.21,1708,91,72,5.33,29.47
2024-09-28,Google Ads,Search,EdTech,Australia,138438,4734,0.0342,3.54,16758.36,191,87.74,38220.88,2.28,4497,191,152,4.25,110.25
2024-11-10,Google Ads,Search,E-commerce,Germany,34764,1251,0.036,0.83,1038.33,83,12.51,3361.16,3.24,1188,83,66,6.99,15.73
2024-03-27,Meta Ads,Video,Fintech,Canada,61387,1608,0.0262,2.09,3360.72,96,35.01,12312.27,3.66,1527,96,76,6.29,44.22
2024-11-01,TikTok Ads,Shopping,SaaS,UAE,139607,10289,0.0737,0.91,9362.99,580,16.14,94107.07,10.05,9774,580,464,5.93,20.18
2024-02-03,Meta Ads,Shopping,EdTech,UK,48271,1182,0.0245,1.94,2293.08,30,76.44,2529.5,1.1,1122,30,24,2.67,95.54
2024-11-21,TikTok Ads,Search,EdTech,Australia,181833,10018,0.0551,0.48,4808.64,686,7.01,153650.81,31.95,9517,686,548,7.21,8.77
2024-05-20,Meta Ads,Video,E-commerce,USA,83678,2761,0.033,1.66,4583.26,35,130.95,4630.48,1.01,2622,35,28,1.33,163.69
2024-04-25,Google Ads,Search,SaaS,Australia,32898,1743,0.053,1.17,2039.31,130,15.69,31968.71,15.68,1655,130,104,7.85,19.61
2024-09-03,Meta Ads,Search,Healthcare,Germany,36153,882,0.0244,1.68,1481.76,62,23.9,16744.05,11.3,837,62,49,7.41,30.24
2024-06-14,Meta Ads,Search,Healthcare,USA,140372,4548,0.0324,1.44,6549.12,125,52.39,23552.19,3.6,4320,125,100,2.89,65.49
2024-01-27,TikTok Ads,Video,SaaS,UAE,196889,9568,0.0486,0.93,8898.24,137,64.95,34964.66,3.93,9089,137,109,1.51,81.64
2024-02-11,TikTok Ads,Display,EdTech,UK,77467,3300,0.0426,1.01,3333.0,180,18.52,42781.66,12.84,3135,180,144,5.74,23.15
2024-02-11,Google Ads,Shopping,Fintech,UAE,29016,1088,0.0375,2.06,2241.28,56,40.02,9936.27,4.43,1033,56,44,5.42,50.94
2024-07-11,Meta Ads,Shopping,Healthcare,Canada,117200,1699,0.0145,1.94,3296.06,113,29.17,30970.48,9.4,1614,113,90,7.0,36.62
2024-05-05,Google Ads,Shopping,SaaS,Germany,134157,3407,0.0254,2.41,8210.87,147,55.86,41434.67,5.05,3236,147,117,4.54,70.18
2024-03-26,Google Ads,Display,Fintech,India,161434,6328,0.0392,0.77,4872.56,263,18.53,25426.86,5.22,6011,263,210,4.38,23.2
2024-07-14,TikTok Ads,Shopping,SaaS,Canada,62888,3307,0.0526,0.61,2017.27,55,36.68,12898.32,6.39,3141,55,44,1.75,45.85
2024-05-13,Google Ads,Video,SaaS,Canada,108187,2423,0.0224,2.67,6469.41,179,36.14,29012.87,4.48,2301,179,143,7.78,45.24
2024-08-19,Meta Ads,Search,E-commerce,Canada,199363,3847,0.0193,0.9,3462.3,73,47.43,11133.49,3.22,3654,73,58,2.0,59.69
2024-04-29,Meta Ads,Video,SaaS,Australia,59160,958,0.0162,1.0,958.0,35,27.37,7848.99,8.19,910,35,28,3.85,34.21
2024-11-21,Google Ads,Shopping,E-commerce,Australia,78551,2411,0.0307,3.38,8149.18,92,88.58,8262.09,1.01,2290,92,73,4.02,111.63
2024-10-03,Meta Ads,Display,SaaS,USA,186711,7748,0.0415,0.58,4493.84,536,8.38,89187.58,19.85,7360,536,428,7.28,10.5
2024-10-04,Meta Ads,Shopping,SaaS,UK,5528,108,0.0196,2.02,218.16,7,31.17,2000.84,9.17,102,7,5,6.86,43.63
2024-12-07,Google Ads,Shopping,SaaS,Canada,144535,7588,0.0525,3.1,23522.8,445,52.86,105358.98,4.48,7208,445,356,6.17,66.08
2024-08-08,Meta Ads,Search,E-commerce,UAE,8188,272,0.0333,1.16,315.52,14,22.54,3745.84,11.87,258,14,11,5.43,28.68
2024-08-05,Google Ads,Display,Fintech,Canada,71151,4368,0.0614,3.23,14108.64,202,69.84,51341.85,3.64,4149,202,161,4.87,87.63
2024-03-06,Meta Ads,Shopping,EdTech,Germany,171797,5153,0.03,0.54,2782.62,255,10.91,52673.17,18.93,4895,255,204,5.21,13.64
2024-02-18,TikTok Ads,Search,EdTech,Australia,173050,8565,0.0495,0.69,5909.85,414,14.28,118511.79,20.05,8136,414,331,5.09,17.85
2024-09-04,TikTok Ads,Video,E-commerce,Canada,178269,8646,0.0485,0.63,5446.98,93,58.57,10627.54,1.95,8213,93,74,1.13,73.61
2024-12-21,Google Ads,Display,E-commerce,UAE,164028,5905,0.036,1.0,5905.0,377,15.66,25718.59,4.36,5609,377,301,6.72,19.62
2024-02-01,TikTok Ads,Video,Healthcare,Australia,184504,15479,0.0839,0.8,12383.2,538,23.02,112251.74,9.06,14705,538,430,3.66,28.8
2024-10-19,TikTok Ads,Shopping,Healthcare,India,119515,6824,0.0571,0.86,5868.64,89,65.94,25992.88,4.43,6482,89,71,1.37,82.66
2024-10-18,Meta Ads,Search,EdTech,USA,108591,2084,0.0192,2.16,4501.44,31,145.21,6469.19,1.44,1979,31,24,1.57,187.56
2024-05-11,Meta Ads,Shopping,EdTech,UK,68472,2601,0.038,1.38,3589.38,63,56.97,17508.47,4.88,2470,63,50,2.55,71.79
2024-09-21,TikTok Ads,Shopping,Fintech,USA,170201,7931,0.0466,1.05,8327.55,182,45.76,10360.55,1.24,7534,182,145,2.42,57.43
2024-03-09,Google Ads,Video,EdTech,Australia,92340,2502,0.0271,1.96,4903.92,153,32.05,27593.24,5.63,2376,153,122,6.44,40.2
2024-04-11,TikTok Ads,Search,SaaS,USA,136940,4683,0.0342,0.69,3231.27,137,23.59,12153.39,3.76,4448,137,109,3.08,29.64
2024-12-24,Google Ads,Search,EdTech,Australia,106311,5762,0.0542,0.92,5301.04,434,12.21,55571.88,10.48,5473,434,347,7.93,15.28
2024-03-15,TikTok Ads,Shopping,E-commerce,Canada,120016,3336,0.0278,1.33,4436.88,43,103.18,5864.19,1.32,3169,43,34,1.36,130.5
2024-10-22,Meta Ads,Display,SaaS,Germany,193946,7854,0.0405,1.89,14844.06,461,32.2,86871.54,5.85,7461,461,368,6.18,40.34
2024-09-24,TikTok Ads,Shopping,E-commerce,Australia,138780,4135,0.0298,0.85,3514.75,86,40.87,7373.66,2.1,3928,86,68,2.19,51.69
2024-07-27,Meta Ads,Display,SaaS,UK,51365,873,0.017,0.7,611.1,19,32.16,2655.69,4.35,829,19,15,2.29,40.74
2024-03-06,Google Ads,Shopping,Healthcare,UK,185903,4647,0.025,2.96,13755.12,342,40.22,58276.63,4.24,4414,342,273,7.75,50.39
2024-03-01,TikTok Ads,Display,SaaS,Australia,61232,2951,0.0482,0.75,2213.25,51,43.4,15061.62,6.81,2803,51,40,1.82,55.33
2024-10-06,TikTok Ads,Display,SaaS,USA,122286,7642,0.0625,1.47,11233.74,201,55.89,60002.91,5.34,7259,201,160,2.77,70.21
2024-03-06,TikTok Ads,Shopping,Healthcare,UK,60114,4917,0.0818,1.35,6637.95,279,23.79,15410.94,2.32,4671,279,223,5.97,29.77
2024-02-04,Meta Ads,Display,Healthcare,Australia,124004,2083,0.0168,1.51,3145.33,49,64.19,9959.37,3.17,1978,49,39,2.48,80.65
2024-02-05,TikTok Ads,Search,E-commerce,UK,168322,4965,0.0295,0.91,4518.15,228,19.82,49052.14,10.86,4716,228,182,4.83,24.82
2024-05-09,Meta Ads,Display,Healthcare,Germany,113957,3008,0.0264,2.33,7008.64,127,55.19,17960.45,2.56,2857,127,101,4.45,69.39
2024-02-04,Google Ads,Search,SaaS,USA,137290,5011,0.0365,1.56,7817.16,323,24.2,28440.57,3.64,4760,323,258,6.79,30.3
2024-05-21,Meta Ads,Video,Fintech,UAE,12253,468,0.0382,0.77,360.36,9,40.04,1433.96,3.98,444,9,7,2.03,51.48
2024-12-21,Google Ads,Video,EdTech,Australia,109216,5777,0.0529,3.06,17677.62,140,126.27,11237.04,0.64,5488,140,112,2.55,157.84
2024-03-03,Google Ads,Shopping,Fintech,Canada,166215,9158,0.0551,0.72,6593.76,112,58.87,29121.09,4.42,8700,112,89,1.29,74.09
2024-11-29,Meta Ads,Shopping,SaaS,India,140678,5655,0.0402,2.07,11705.85,154,76.01,7932.09,0.68,5372,154,123,2.87,95.17
2024-07-19,Google Ads,Search,E-commerce,UAE,176066,5264,0.0299,1.58,8317.12,119,69.89,28182.41,3.39,5000,119,95,2.38,87.55
2024-04-29,Google Ads,Search,Healthcare,Canada,59418,1996,0.0336,1.65,3293.4,80,41.17,3528.5,1.07,1896,80,64,4.22,51.46
2024-01-27,Google Ads,Search,EdTech,UAE,143183,5784,0.0404,0.86,4974.24,432,11.51,88233.11,17.74,5494,432,345,7.86,14.42
2024-07-19,Meta Ads,Shopping,E-commerce,India,194059,3434,0.0177,1.36,4670.24,193,24.2,7460.79,1.6,3262,193,154,5.92,30.33
2024-08-02,Google Ads,Shopping,SaaS,UAE,98899,2185,0.0221,3.16,6904.6,171,40.38,45859.64,6.64,2075,171,136,8.24,50.77
2024-02-25,Meta Ads,Search,E-commerce,UK,129494,1631,0.0126,2.14,3490.34,108,32.32,28288.04,8.1,1549,108,86,6.97,40.59
2024-03-03,TikTok Ads,Shopping,SaaS,UAE,191443,6872,0.0359,1.67,11476.24,422,27.19,108198.8,9.43,6528,422,337,6.46,34.05
2024-12-30,TikTok Ads,Search,SaaS,Australia,61950,4076,0.0658,0.3,1222.8,97,12.61,26763.8,21.89,3872,97,77,2.51,15.88
2024-11-08,Google Ads,Shopping,SaaS,UK,34605,809,0.0234,1.76,1423.84,40,35.6,5146.88,3.61,768,40,32,5.21,44.5
2024-01-31,TikTok Ads,Shopping,Fintech,UAE,127790,7015,0.0549,1.23,8628.45,422,20.45,90118.48,10.44,6664,422,337,6.33,25.6
2024-01-09,TikTok Ads,Search,Healthcare,Germany,96310,6905,0.0717,1.28,8838.4,247,35.78,8632.99,0.98,6559,247,197,3.77,44.86
2024-09-05,Google Ads,Shopping,Fintech,India,197589,4781,0.0242,1.6,7649.6,225,34.0,12329.91,1.61,4541,225,180,4.95,42.5
2024-02-17,Meta Ads,Video,E-commerce,USA,118566,3711,0.0313,1.13,4193.43,58,72.3,14643.53,3.49,3525,58,46,1.65,91.16
2024-09-25,Meta Ads,Shopping,Healthcare,Germany,199451,3989,0.02,1.28,5105.92,110,46.42,8236.16,1.61,3789,110,88,2.9,58.02
2024-10-23,Google Ads,Display,SaaS,UAE,88251,5965,0.0676,0.82,4891.3,133,36.78,14897.06,3.05,5666,133,106,2.35,46.14
2024-01-15,Google Ads,Display,Fintech,Canada,55406,2648,0.0478,1.9,5031.2,149,33.77,22127.3,4.4,2515,149,119,5.92,42.28
2024-02-16,TikTok Ads,Display,Fintech,Australia,141447,9873,0.0698,1.39,13723.47,588,23.34,86774.51,6.32,9379,588,470,6.27,29.2
2024-02-06,Google Ads,Video,EdTech,UK,73591,2649,0.036,2.83,7496.67,161,46.56,45161.9,6.02,2516,161,128,6.4,58.57
2024-02-25,Google Ads,Video,Fintech,India,66477,2718,0.0409,2.86,7773.48,160,48.58,16856.48,2.17,2582,160,128,6.2,60.73
2024-08-28,Meta Ads,Video,E-commerce,UAE,196386,6794,0.0346,0.81,5503.14,506,10.88,34412.06,6.25,6454,506,404,7.84,13.62
2024-10-28,Google Ads,Display,Fintech,Canada,78927,3172,0.0402,3.2,10150.4,62,163.72,7568.63,0.75,3013,62,49,2.06,207.15
2024-12-10,Google Ads,Display,SaaS,Canada,184857,3419,0.0185,2.57,8786.83,248,35.43,70137.51,7.98,3248,248,198,7.64,44.38
2024-08-30,TikTok Ads,Display,EdTech,India,122174,6499,0.0532,0.88,5719.12,413,13.85,58791.38,10.28,6174,413,330,6.69,17.33
2024-07-26,Google Ads,Search,SaaS,Germany,108719,4207,0.0387,3.2,13462.4,121,111.26,21018.47,1.56,3996,121,96,3.03,140.23
2024-11-08,Meta Ads,Shopping,Healthcare,Australia,186949,3140,0.0168,0.6,1884.0,186,10.13,30294.1,16.08,2983,186,148,6.24,12.73
2024-09-12,Google Ads,Video,E-commerce,UK,193869,13124,0.0677,2.93,38453.32,264,145.66,67604.89,1.76,12467,264,211,2.12,182.24
2024-07-28,Google Ads,Search,EdTech,Australia,158535,3836,0.0242,2.16,8285.76,120,69.05,12930.51,1.56,3644,120,96,3.29,86.31
2024-12-14,TikTok Ads,Search,EdTech,UAE,148949,12332,0.0828,1.01,12455.32,546,22.81,95805.85,7.69,11715,546,436,4.66,28.57
2024-07-19,Google Ads,Display,Fintech,USA,184810,7447,0.0403,3.12,23234.64,334,69.56,51289.24,2.21,7074,334,267,4.72,87.02
2024-07-16,Meta Ads,Video,E-commerce,USA,85989,997,0.0116,1.69,1684.93,37,45.54,4865.84,2.89,947,37,29,3.91,58.1
2024-02-16,Meta Ads,Shopping,Fintech,Canada,35755,654,0.0183,1.6,1046.4,40,26.16,11846.71,11.32,621,40,32,6.44,32.7
2024-10-25,Meta Ads,Video,Fintech,UK,184298,7758,0.0421,1.55,12024.9,351,34.26,91198.92,7.58,7370,351,280,4.76,42.95
2024-03-17,Meta Ads,Video,SaaS,India,22878,619,0.0271,1.01,625.19,43,14.54,8615.57,13.78,588,43,34,7.31,18.39
2024-11-16,Meta Ads,Search,Fintech,UK,151539,3455,0.0228,2.05,7082.75,135,52.46,4666.78,0.66,3282,135,108,4.11,65.58
2024-10-26,Google Ads,Display,Healthcare,Australia,180365,6114,0.0339,3.46,21154.44,400,52.89,111623.05,5.28,5808,400,320,6.89,66.11
2024-08-22,Meta Ads,Video,Fintech,Australia,30168,1080,0.0358,0.46,496.8,34,14.61,5163.27,10.39,1026,34,27,3.31,18.4
2024-05-12,Google Ads,Display,Fintech,UAE,26352,1697,0.0644,1.71,2901.87,126,23.03,31980.19,11.02,1612,126,100,7.82,29.02
2024-01-23,Google Ads,Search,Healthcare,India,57979,2081,0.0359,1.89,3933.09,148,26.57,18788.47,4.78,1976,148,118,7.49,33.33
2024-10-12,Google Ads,Video,Fintech,Australia,173769,6759,0.0389,2.86,19330.74,158,122.35,21350.44,1.1,6421,158,126,2.46,153.42
2024-09-01,TikTok Ads,Shopping,SaaS,Germany,131206,8279,0.0631,1.53,12666.87,553,22.91,61485.88,4.85,7865,553,442,7.03,28.66
2024-05-20,Meta Ads,Display,EdTech,UK,64799,842,0.013,1.75,1473.5,52,28.34,15157.93,10.29,799,52,41,6.51,35.94
2024-01-16,Meta Ads,Shopping,E-commerce,UK,167893,4432,0.0264,0.58,2570.56,66,38.95,15989.78,6.22,4210,66,52,1.57,49.43
2024-04-29,Google Ads,Display,EdTech,Australia,72474,4022,0.0555,3.11,12508.42,142,88.09,38937.53,3.11,3820,142,113,3.72,110.69
2024-10-25,Meta Ads,Video,EdTech,Canada,138678,1802,0.013,1.9,3423.8,61,56.13,2147.03,0.63,1711,61,48,3.57,71.33
2024-07-06,TikTok Ads,Search,Healthcare,UAE,70195,4239,0.0604,1.42,6019.38,234,25.72,38776.78,6.44,4027,234,187,5.81,32.19
2024-08-28,Meta Ads,Search,EdTech,USA,73513,2073,0.0282,2.22,4602.06,31,148.45,3401.33,0.74,1969,31,24,1.57,191.75
2024-06-02,Google Ads,Search,SaaS,Germany,162786,7406,0.0455,1.45,10738.7,513,20.93,67523.57,6.29,7035,513,410,7.29,26.19
2024-09-23,Google Ads,Video,Healthcare,USA,133909,5664,0.0423,2.88,16312.32,117,139.42,11886.29,0.73,5380,117,93,2.17,175.4
2024-01-25,Google Ads,Search,E-commerce,Australia,92185,3779,0.041,1.62,6121.98,82,74.66,11861.33,1.94,3590,82,65,2.28,94.18
2024-06-16,Meta Ads,Search,E-commerce,Australia,136637,4399,0.0322,1.31,5762.69,254,22.69,21909.38,3.8,4179,254,203,6.08,28.39
2024-06-04,Meta Ads,Display,E-commerce,India,56986,1270,0.0223,0.93,1181.1,13,90.85,3679.26,3.12,1206,13,10,1.08,118.11
2024-02-20,Meta Ads,Display,SaaS,UK,148859,3840,0.0258,1.8,6912.0,250,27.65,22027.39,3.19,3648,250,200,6.85,34.56
2024-08-03,Google Ads,Search,EdTech,USA,151900,5270,0.0347,1.11,5849.7,291,20.1,47553.46,8.13,5006,291,232,5.81,25.21
2024-10-08,Meta Ads,Shopping,EdTech,UAE,155555,4588,0.0295,1.55,7111.4,332,21.42,12719.4,1.79,4358,332,265,7.62,26.84
2024-10-11,Meta Ads,Display,SaaS,Germany,198979,2089,0.0105,1.7,3551.3,66,53.81,7694.86,2.17,1984,66,52,3.33,68.29
2024-12-04,Meta Ads,Search,E-commerce,India,186740,4182,0.0224,0.56,2341.92,47,49.83,8643.08,3.69,3972,47,37,1.18,63.3
2024-07-04,Google Ads,Shopping,Fintech,Australia,126246,4203,0.0333,2.05,8616.15,290,29.71,31939.46,3.71,3992,290,232,7.26,37.14
2024-02-15,Google Ads,Search,Fintech,Germany,30835,925,0.03,1.96,1813.0,14,129.5,3805.56,2.1,878,14,11,1.59,164.82
2024-12-22,TikTok Ads,Video,EdTech,Canada,112938,3263,0.0289,0.39,1272.57,80,15.91,22895.07,17.99,3099,80,64,2.58,19.88
2024-12-16,Google Ads,Display,SaaS,Canada,143573,3474,0.0242,1.63,5662.62,131,43.23,11434.82,2.02,3300,131,104,3.97,54.45
2024-07-14,TikTok Ads,Display,E-commerce,Canada,113621,10112,0.089,0.99,10010.88,472,21.21,84899.73,8.48,9606,472,377,4.91,26.55
2024-08-31,Meta Ads,Search,Healthcare,UK,125155,5256,0.042,1.07,5623.92,247,22.77,26802.91,4.77,4993,247,197,4.95,28.55
2024-06-26,Meta Ads,Shopping,Fintech,USA,52940,1281,0.0242,1.5,1921.5,37,51.93,8409.06,4.38,1216,37,29,3.04,66.26
2024-09-01,TikTok Ads,Display,SaaS,USA,106069,3139,0.0296,0.5,1569.5,78,20.12,6648.74,4.24,2982,78,62,2.62,25.31
2024-03-24,Google Ads,Video,EdTech,Canada,185523,6029,0.0325,1.38,8320.02,252,33.02,12404.91,1.49,5727,252,201,4.4,41.39
2024-11-11,TikTok Ads,Shopping,EdTech,India,184969,15407,0.0833,1.34,20645.38,352,58.65,52669.94,2.55,14636,352,281,2.41,73.47
2024-12-24,Google Ads,Video,Healthcare,Canada,118005,5003,0.0424,1.8,9005.4,63,142.94,6740.12,0.75,4752,63,50,1.33,180.11
2024-09-06,Google Ads,Video,SaaS,India,47176,1278,0.0271,1.43,1827.54,62,29.48,2278.75,1.25,1214,62,49,5.11,37.3
2024-12-10,Meta Ads,Video,Fintech,UK,8512,251,0.0296,0.64,160.64,11,14.6,1671.09,10.4,238,11,8,4.62,20.08
2024-06-17,Meta Ads,Shopping,EdTech,Australia,83591,2499,0.0299,1.68,4198.32,84,49.98,18620.43,4.44,2374,84,67,3.54,62.66
2024-06-25,Google Ads,Search,E-commerce,UAE,88323,3965,0.0449,2.36,9357.4,95,98.5,8337.4,0.89,3766,95,76,2.52,123.12
2024-11-28,Google Ads,Video,Healthcare,Germany,24755,811,0.0328,2.48,2011.28,8,251.41,1786.84,0.89,770,8,6,1.04,335.21
2024-03-04,Google Ads,Video,E-commerce,UAE,99410,4195,0.0422,0.83,3481.85,196,17.76,56004.19,16.08,3985,196,156,4.92,22.32
2024-01-12,Meta Ads,Video,SaaS,Australia,176250,6204,0.0352,0.65,4032.6,312,12.92,84311.3,20.91,5893,312,249,5.29,16.2
2024-01-04,Meta Ads,Shopping,EdTech,UK,184729,2586,0.014,0.9,2327.4,201,11.58,16864.93,7.25,2456,201,160,8.18,14.55
2024-01-16,Google Ads,Search,Healthcare,UK,175381,4226,0.0241,0.91,3845.66,204,18.85,11471.83,2.98,4014,204,163,5.08,23.59
2024-10-29,Google Ads,Video,SaaS,UK,174741,7129,0.0408,2.17,15469.93,326,47.45,58786.78,3.8,6772,326,260,4.81,59.5
2024-01-17,Meta Ads,Shopping,E-commerce,Germany,62033,2667,0.043,1.1,2933.7,135,21.73,14288.2,4.87,2533,135,108,5.33,27.16
2024-04-18,TikTok Ads,Search,Fintech,Canada,6067,201,0.0332,0.63,126.63,12,10.55,2449.28,19.34,190,12,9,6.32,14.07
2024-06-06,Google Ads,Search,SaaS,UAE,187941,9303,0.0495,2.33,21675.99,528,41.05,92564.99,4.27,8837,528,422,5.97,51.36
2024-10-23,TikTok Ads,Shopping,EdTech,UAE,16094,535,0.0333,1.81,968.35,8,121.04,469.8,0.49,508,8,6,1.57,161.39
2024-09-27,Meta Ads,Display,EdTech,India,8599,258,0.0301,0.65,167.7,6,27.95,594.69,3.55,245,6,4,2.45,41.92
2024-01-07,Google Ads,Video,Fintech,UAE,32476,1136,0.035,1.64,1863.04,86,21.66,21754.11,11.68,1079,86,68,7.97,27.4
2024-01-31,Google Ads,Display,Fintech,Canada,64739,1599,0.0247,3.26,5212.74,109,47.82,22723.24,4.36,1519,109,87,7.18,59.92
2024-05-06,Google Ads,Search,EdTech,UK,51666,2965,0.0574,2.92,8657.8,80,108.22,16836.59,1.94,2816,80,64,2.84,135.28
2024-11-03,Meta Ads,Shopping,SaaS,India,39723,1116,0.0281,0.95,1060.2,14,75.73,582.59,0.55,1060,14,11,1.32,96.38
2024-12-12,TikTok Ads,Search,Healthcare,Canada,163984,12971,0.0791,1.68,21791.28,962,22.65,170813.74,7.84,12322,962,769,7.81,28.34
2024-01-10,Meta Ads,Video,Fintech,Australia,51698,1307,0.0253,1.96,2561.72,91,28.15,15551.2,6.07,1241,91,72,7.33,35.58
2024-02-16,Google Ads,Shopping,SaaS,UAE,50206,2399,0.0478,2.02,4845.98,163,29.73,5571.38,1.15,2279,163,130,7.15,37.28
2024-10-08,Google Ads,Video,Fintech,UAE,194099,4774,0.0246,2.49,11887.26,134,88.71,8446.21,0.71,4535,134,107,2.95,111.1
2024-12-29,TikTok Ads,Video,E-commerce,USA,11820,366,0.031,1.72,629.52,12,52.46,2301.99,3.66,347,12,9,3.46,69.95
2024-12-16,TikTok Ads,Search,SaaS,USA,56782,3264,0.0575,0.8,2611.2,154,16.96,15749.58,6.03,3100,154,123,4.97,21.23
2024-08-13,TikTok Ads,Video,SaaS,UK,191894,7138,0.0372,0.77,5496.26,380,14.46,85112.1,15.49,6781,380,304,5.6,18.08
2024-01-19,Google Ads,Shopping,Fintech,UK,55075,3056,0.0555,2.36,7212.16,156,46.23,5145.31,0.71,2903,156,124,5.37,58.16
2024-04-28,Google Ads,Shopping,EdTech,India,81830,4091,0.05,1.45,5931.95,49,121.06,7206.83,1.21,3886,49,39,1.26,152.1
2024-12-17,Meta Ads,Search,EdTech,USA,87911,1116,0.0127,0.48,535.68,61,8.78,16688.84,31.15,1060,61,48,5.75,11.16
2024-09-15,Meta Ads,Search,SaaS,Canada,9521,237,0.0249,1.77,419.49,17,24.68,1502.31,3.58,225,17,13,7.56,32.27
2024-04-14,TikTok Ads,Search,E-commerce,UK,88115,5383,0.0611,0.68,3660.44,121,30.25,28357.39,7.75,5113,121,96,2.37,38.13
2024-06-24,Google Ads,Shopping,E-commerce,Germany,184030,5649,0.0307,2.23,12597.27,90,139.97,23192.98,1.84,5366,90,72,1.68,174.96
2024-08-21,Meta Ads,Video,EdTech,UK,151729,4491,0.0296,1.85,8308.35,228,36.44,48165.44,5.8,4266,228,182,5.34,45.65
2024-02-24,TikTok Ads,Video,SaaS,India,68176,2679,0.0393,1.24,3321.96,173,19.2,19288.91,5.81,2545,173,138,6.8,24.07
2024-10-12,Meta Ads,Shopping,Healthcare,UAE,160136,6581,0.0411,0.4,2632.4,393,6.7,81942.57,31.13,6251,393,314,6.29,8.38
2024-04-22,Google Ads,Video,Healthcare,Canada,164504,3322,0.0202,2.07,6876.54,96,71.63,10570.76,1.54,3155,96,76,3.04,90.48
2024-04-20,TikTok Ads,Display,Healthcare,Australia,111399,4155,0.0373,1.22,5069.1,176,28.8,18559.1,3.66,3947,176,140,4.46,36.21
2024-07-29,Google Ads,Search,E-commerce,Germany,135011,3496,0.0259,1.89,6607.44,254,26.01,69461.44,10.51,3321,254,203,7.65,32.55
2024-08-04,Google Ads,Display,Healthcare,USA,24359,1461,0.06,2.34,3418.74,35,97.68,4110.39,1.2,1387,35,28,2.52,122.1
2024-05-23,Meta Ads,Shopping,Healthcare,UK,130611,2207,0.0169,0.73,1611.11,44,36.62,9567.41,5.94,2096,44,35,2.1,46.03
2024-12-03,TikTok Ads,Search,SaaS,UK,156601,8628,0.0551,0.31,2674.68,362,7.39,23745.71,8.88,8196,362,289,4.42,9.25
2024-11-29,Meta Ads,Search,SaaS,Germany,172967,5016,0.029,2.08,10433.28,331,31.52,75767.62,7.26,4765,331,264,6.95,39.52
2024-04-13,Google Ads,Shopping,SaaS,Canada,165104,7958,0.0482,3.09,24590.22,105,234.19,29946.1,1.22,7560,105,84,1.39,292.74
2024-01-17,Google Ads,Video,Fintech,Canada,49109,1203,0.0245,3.26,3921.78,25,156.87,4734.61,1.21,1142,25,20,2.19,196.09
2024-12-25,Meta Ads,Shopping,SaaS,UK,46291,1976,0.0427,0.73,1442.48,74,19.49,2307.39,1.6,1877,74,59,3.94,24.45
2024-08-02,Google Ads,Video,Fintech,Germany,33750,1410,0.0418,1.91,2693.1,106,25.41,5682.79,2.11,1339,106,84,7.92,32.06
2024-01-26,Meta Ads,Search,Healthcare,USA,177593,1811,0.0102,0.79,1430.69,128,11.18,17092.48,11.95,1720,128,102,7.44,14.03
2024-03-23,Google Ads,Display,SaaS,India,150465,5311,0.0353,3.13,16623.43,295,56.35,57602.12,3.47,5045,295,236,5.85,70.44
2024-12-08,TikTok Ads,Shopping,SaaS,Canada,25860,1569,0.0607,1.08,1694.52,79,21.45,13162.62,7.77,1490,79,63,5.3,26.9
2024-08-17,Google Ads,Display,SaaS,Germany,41375,2350,0.0568,2.2,5170.0,148,34.93,14702.27,2.84,2232,148,118,6.63,43.81
2024-04-28,Meta Ads,Display,SaaS,UAE,26159,782,0.0299,1.51,1180.82,52,22.71,8689.29,7.36,742,52,41,7.01,28.8
2024-02-06,Meta Ads,Display,EdTech,India,184541,3063,0.0166,1.72,5268.36,215,24.5,16566.88,3.14,2909,215,172,7.39,30.63
2024-08-31,Meta Ads,Video,E-commerce,UAE,196373,5184,0.0264,0.86,4458.24,173,25.77,36583.06,8.21,4924,173,138,3.51,32.31
2024-01-10,Google Ads,Video,Healthcare,Australia,131031,6092,0.0465,2.94,17910.48,482,37.16,116431.98,6.5,5787,482,385,8.33,46.52
2024-01-15,Meta Ads,Search,EdTech,Germany,113269,3182,0.0281,1.53,4868.46,185,26.32,53909.5,11.07,3022,185,148,6.12,32.9
2024-11-27,TikTok Ads,Video,SaaS,USA,92346,6815,0.0738,0.82,5588.3,469,11.92,125930.93,22.53,6474,469,375,7.24,14.9
2024-10-05,Google Ads,Search,Fintech,Australia,143241,7133,0.0498,2.06,14693.98,272,54.02,60208.51,4.1,6776,272,217,4.01,67.71
2024-07-11,Meta Ads,Video,SaaS,UK,194137,2640,0.0136,2.41,6362.4,49,129.84,6668.85,1.05,2508,49,39,1.95,163.14
2024-01-24,TikTok Ads,Shopping,EdTech,UK,79967,2327,0.0291,1.05,2443.35,43,56.82,11334.87,4.64,2210,43,34,1.95,71.86
2024-08-31,Meta Ads,Video,E-commerce,UAE,60919,1851,0.0304,1.79,3313.29,131,25.29,19210.72,5.8,1758,131,104,7.45,31.86
2024-09-27,TikTok Ads,Search,SaaS,Canada,40886,1782,0.0436,0.55,980.1,132,7.42,28189.38,28.76,1692,132,105,7.8,9.33
2024-03-30,TikTok Ads,Shopping,SaaS,India,37646,1874,0.0498,1.1,2061.4,144,14.32,16795.87,8.15,1780,144,115,8.09,17.93
2024-03-15,Meta Ads,Search,EdTech,Germany,117529,4266,0.0363,1.03,4393.98,308,14.27,62119.33,14.14,4052,308,246,7.6,17.86
2024-05-28,TikTok Ads,Video,Fintech,India,150250,7196,0.0479,0.67,4821.32,534,9.03,36153.63,7.5,6836,534,427,7.81,11.29
2024-05-31,Meta Ads,Video,E-commerce,Germany,196929,2382,0.0121,1.3,3096.6,143,21.65,38447.59,12.42,2262,143,114,6.32,27.16
2024-10-20,Google Ads,Search,Healthcare,Germany,91491,4053,0.0443,1.74,7052.22,140,50.37,19432.37,2.76,3850,140,112,3.64,62.97
2024-12-04,Google Ads,Video,E-commerce,UK,154741,6019,0.0389,1.04,6259.76,220,28.45,38586.7,6.16,5718,220,176,3.85,35.57
2024-10-27,TikTok Ads,Display,E-commerce,India,72963,5618,0.077,0.48,2696.64,412,6.55,16464.01,6.11,5337,412,329,7.72,8.2
2024-09-15,Google Ads,Video,Fintech,USA,194281,5906,0.0304,2.5,14765.0,371,39.8,20958.57,1.42,5610,371,296,6.61,49.88
2024-09-28,Meta Ads,Display,E-commerce,UAE,92844,3277,0.0353,1.81,5931.37,63,94.15,10318.61,1.74,3113,63,50,2.02,118.63
2024-05-11,Google Ads,Video,SaaS,UAE,132441,2436,0.0184,2.09,5091.24,135,37.71,8958.33,1.76,2314,135,108,5.83,47.14
2024-10-08,Meta Ads,Search,EdTech,Germany,110977,2829,0.0255,0.66,1867.14,48,38.9,10643.48,5.7,2687,48,38,1.79,49.14
2024-09-30,Google Ads,Search,Healthcare,UAE,50076,2964,0.0592,3.4,10077.6,94,107.21,28058.66,2.78,2815,94,75,3.34,134.37
2024-10-30,Google Ads,Search,SaaS,Australia,180590,4857,0.0269,1.51,7334.07,333,22.02,91782.77,12.51,4614,333,266,7.22,27.57
2024-06-19,Meta Ads,Search,Fintech,UAE,153530,3899,0.0254,2.31,9006.69,302,29.82,21392.38,2.38,3704,302,241,8.15,37.37
2024-01-05,Google Ads,Video,SaaS,India,135223,3285,0.0243,3.02,9920.7,201,49.36,46154.22,4.65,3120,201,160,6.44,62.0
2024-12-30,Meta Ads,Display,EdTech,USA,108152,4250,0.0393,0.72,3060.0,160,19.12,12452.25,4.07,4037,160,128,3.96,23.91
2024-03-03,Google Ads,Video,Healthcare,Germany,76442,2392,0.0313,1.64,3922.88,160,24.52,14390.19,3.67,2272,160,128,7.04,30.65
2024-11-12,Google Ads,Video,EdTech,Germany,57335,1869,0.0326,2.75,5139.75,133,38.64,11136.73,2.17,1775,133,106,7.49,48.49
2024-11-25,TikTok Ads,Display,SaaS,UK,82661,4769,0.0577,1.33,6342.77,271,23.41,79985.87,12.61,4530,271,216,5.98,29.36
2024-04-30,Google Ads,Shopping,Fintech,India,72902,4942,0.0678,3.3,16308.6,323,50.49,33499.38,2.05,4694,323,258,6.88,63.21
2024-02-01,Meta Ads,Search,E-commerce,UK,63528,711,0.0112,1.49,1059.39,23,46.06,4567.68,4.31,675,23,18,3.41,58.86
2024-12-18,TikTok Ads,Shopping,Fintech,USA,169238,6583,0.0389,0.53,3488.99,507,6.88,146453.92,41.98,6253,507,405,8.11,8.61
2024-12-06,Meta Ads,Display,SaaS,Canada,14815,189,0.0128,0.55,103.95,3,34.65,142.69,1.37,179,3,2,1.68,51.98
2024-08-21,TikTok Ads,Search,Healthcare,Germany,47278,2803,0.0593,1.69,4737.07,201,23.57,39448.18,8.33,2662,201,160,7.55,29.61
2024-02-17,Google Ads,Video,Fintech,UAE,15046,400,0.0266,1.18,472.0,4,118.0,142.71,0.3,380,4,3,1.05,157.33
2024-08-04,Meta Ads,Shopping,SaaS,Canada,58968,1715,0.0291,1.49,2555.35,127,20.12,13332.87,5.22,1629,127,101,7.8,25.3
2024-02-21,Google Ads,Search,Healthcare,India,13083,707,0.0541,2.38,1682.66,41,41.04,10442.74,6.21,671,41,32,6.11,52.58
2024-12-17,TikTok Ads,Search,SaaS,Germany,109222,7306,0.0669,1.09,7963.54,124,64.22,12349.14,1.55,6940,124,99,1.79,80.44
2024-04-04,TikTok Ads,Search,SaaS,UK,45382,2246,0.0495,1.59,3571.14,46,77.63,2662.9,0.75,2133,46,36,2.16,99.2
2024-09-15,Meta Ads,Display,Healthcare,UAE,196432,6501,0.0331,0.4,2600.4,462,5.63,52195.74,20.07,6175,462,369,7.48,7.05
2024-12-05,TikTok Ads,Search,EdTech,India,71470,2065,0.0289,1.18,2436.7,37,65.86,10377.15,4.26,1961,37,29,1.89,84.02
2024-01-01,TikTok Ads,Display,SaaS,USA,103026,9066,0.088,1.43,12964.38,278,46.63,46631.0,3.6,8612,278,222,3.23,58.4
2024-07-13,Meta Ads,Display,Fintech,India,140793,2886,0.0205,1.52,4386.72,141,31.11,12104.44,2.76,2741,141,112,5.14,39.17
2024-07-24,Meta Ads,Search,Fintech,Canada,8970,306,0.0342,0.6,183.6,22,8.35,4976.05,27.1,290,22,17,7.59,10.8
2024-12-18,Meta Ads,Display,Fintech,Germany,177825,4285,0.0241,0.78,3342.3,163,20.5,29602.7,8.86,4070,163,130,4.0,25.71
2024-12-07,Meta Ads,Display,SaaS,UAE,122512,4532,0.037,1.84,8338.88,61,136.7,5305.8,0.64,4305,61,48,1.42,173.73
2024-06-09,Google Ads,Search,EdTech,Canada,107548,4258,0.0396,3.2,13625.6,145,93.97,17656.92,1.3,4045,145,116,3.58,117.46
2024-07-06,TikTok Ads,Display,Healthcare,UK,89224,5255,0.0589,1.99,10457.45,336,31.12,94667.83,9.05,4992,336,268,6.73,39.02
2024-10-27,Meta Ads,Display,E-commerce,UK,100561,3781,0.0376,1.39,5255.59,124,42.38,34626.86,6.59,3591,124,99,3.45,53.09
2024-05-31,Google Ads,Search,Fintech,UAE,50111,2320,0.0463,2.73,6333.6,153,41.4,30016.66,4.74,2204,153,122,6.94,51.91
2024-03-22,Google Ads,Display,SaaS,Germany,65985,1445,0.0219,0.82,1184.9,63,18.81,4237.85,3.58,1372,63,50,4.59,23.7
2024-07-25,Meta Ads,Video,E-commerce,Germany,93257,1930,0.0207,1.32,2547.6,102,24.98,26767.95,10.51,1833,102,81,5.56,31.45
2024-12-24,TikTok Ads,Search,SaaS,India,102847,6458,0.0628,1.17,7555.86,314,24.06,81199.4,10.75,6135,314,251,5.12,30.1
2024-02-18,Meta Ads,Search,SaaS,UAE,161738,5046,0.0312,1.66,8376.36,258,32.47,29417.67,3.51,4793,258,206,5.38,40.66
2024-05-07,Meta Ads,Shopping,Healthcare,Australia,46516,772,0.0166,0.59,455.48,39,11.68,4874.74,10.7,733,39,31,5.32,14.69
2024-11-02,Google Ads,Video,SaaS,Canada,7802,340,0.0437,2.37,805.8,14,57.56,799.08,0.99,323,14,11,4.33,73.25
2024-10-22,Google Ads,Search,EdTech,USA,15960,750,0.047,1.72,1290.0,40,32.25,6919.55,5.36,712,40,32,5.62,40.31
2024-01-16,TikTok Ads,Shopping,SaaS,Australia,55701,4138,0.0743,0.34,1406.92,229,6.14,20016.59,14.23,3931,229,183,5.83,7.69
2024-06-30,Google Ads,Display,E-commerce,India,64757,3976,0.0614,1.43,5685.68,58,98.03,4380.33,0.77,3777,58,46,1.54,123.6
2024-04-04,TikTok Ads,Search,SaaS,UK,199291,16660,0.0836,1.16,19325.6,1016,19.02,207611.26,10.74,15827,1016,812,6.42,23.8
2024-09-18,TikTok Ads,Shopping,EdTech,UK,116800,8351,0.0715,0.7,5845.7,493,11.86,80828.76,13.83,7933,493,394,6.21,14.84
2024-10-30,Meta Ads,Shopping,Healthcare,Canada,88470,2459,0.0278,0.99,2434.41,165,14.75,44145.0,18.13,2336,165,132,7.06,18.44
2024-03-07,TikTok Ads,Display,Healthcare,Australia,186782,14270,0.0764,1.08,15411.6,931,16.55,224929.42,14.59,13556,931,744,6.87,20.71
2024-12-08,Google Ads,Display,Healthcare,UAE,121832,6786,0.0557,1.18,8007.48,139,57.61,28929.72,3.61,6446,139,111,2.16,72.14
2024-09-11,Google Ads,Video,E-commerce,USA,88514,1610,0.0182,0.86,1384.6,77,17.98,22165.04,16.01,1529,77,61,5.04,22.7
2024-10-14,Meta Ads,Display,Fintech,India,125424,3787,0.0302,0.48,1817.76,253,7.18,36320.54,19.98,3597,253,202,7.03,9.0
2024-12-06,TikTok Ads,Video,Healthcare,UAE,23883,1332,0.0558,1.56,2077.92,66,31.48,10903.46,5.25,1265,66,52,5.22,39.96
2024-05-08,Meta Ads,Shopping,E-commerce,Germany,49864,2074,0.0416,1.75,3629.5,73,49.72,14018.44,3.86,1970,73,58,3.71,62.58
2024-07-27,Google Ads,Video,SaaS,UAE,190890,7616,0.0399,1.16,8834.56,141,62.66,25751.07,2.91,7235,141,112,1.95,78.88
2024-11-02,Google Ads,Display,EdTech,UK,146295,3394,0.0232,3.41,11573.54,195,59.35,49666.69,4.29,3224,195,156,6.05,74.19
2024-09-23,Meta Ads,Search,SaaS,India,29343,346,0.0118,2.01,695.46,7,99.35,672.01,0.97,328,7,5,2.13,139.09
2024-09-25,TikTok Ads,Display,EdTech,Australia,154712,10288,0.0665,1.08,11111.04,439,25.31,80440.02,7.24,9773,439,351,4.49,31.66
2024-04-06,TikTok Ads,Video,EdTech,Germany,60438,5554,0.0919,1.44,7997.76,286,27.96,35506.6,4.44,5276,286,228,5.42,35.08
2024-06-01,Google Ads,Shopping,EdTech,Australia,18149,918,0.0506,1.62,1487.16,14,106.23,3557.93,2.39,872,14,11,1.61,135.2
2024-10-02,TikTok Ads,Shopping,SaaS,Germany,39626,1172,0.0296,0.58,679.76,22,30.9,1100.59,1.62,1113,22,17,1.98,39.99
2024-04-20,TikTok Ads,Shopping,E-commerce,UAE,103730,4335,0.0418,1.48,6415.8,104,61.69,27379.91,4.27,4118,104,83,2.53,77.3
2024-06-29,Google Ads,Display,Healthcare,USA,35346,1279,0.0362,2.54,3248.66,48,67.68,1649.56,0.51,1215,48,38,3.95,85.49
2024-01-30,Meta Ads,Video,Healthcare,Australia,57776,1490,0.0258,1.18,1758.2,107,16.43,22435.51,12.76,1415,107,85,7.56,20.68
2024-09-25,Meta Ads,Shopping,SaaS,UAE,178916,4723,0.0264,1.54,7273.42,147,49.48,29612.74,4.07,4486,147,117,3.28,62.17
2024-12-15,Meta Ads,Search,Fintech,Canada,34778,705,0.0203,1.56,1099.8,35,31.42,2280.29,2.07,669,35,28,5.23,39.28
2024-06-05,TikTok Ads,Search,Fintech,Australia,179120,8794,0.0491,0.96,8442.24,646,13.07,31918.96,3.78,8354,646,516,7.73,16.36
2024-06-19,Meta Ads,Display,Fintech,UAE,91706,1650,0.018,1.68,2772.0,80,34.65,8391.32,3.03,1567,80,64,5.11,43.31
2024-09-16,Meta Ads,Display,EdTech,Germany,7056,227,0.0322,0.82,186.14,6,31.02,1653.16,8.88,215,6,4,2.79,46.54
2024-01-21,Meta Ads,Display,E-commerce,Germany,161646,5253,0.0325,1.0,5253.0,228,23.04,43732.39,8.33,4990,228,182,4.57,28.86
2024-04-05,Google Ads,Video,SaaS,Canada,177115,8005,0.0452,2.9,23214.5,460,50.47,108688.43,4.68,7604,460,368,6.05,63.08
2024-10-03,TikTok Ads,Search,Healthcare,Australia,141087,10609,0.0752,0.44,4667.96,737,6.33,190244.62,40.76,10078,737,589,7.31,7.93
2024-11-03,TikTok Ads,Video,SaaS,Australia,184745,12451,0.0674,1.67,20793.17,404,51.47,23357.33,1.12,11828,404,323,3.42,64.38
2024-09-10,Google Ads,Shopping,E-commerce,UAE,104969,5773,0.055,1.42,8197.66,142,57.73,24245.52,2.96,5484,142,113,2.59,72.55
2024-06-03,TikTok Ads,Shopping,Fintech,India,80885,3995,0.0494,0.44,1757.8,79,22.25,10692.34,6.08,3795,79,63,2.08,27.9
2024-04-15,Google Ads,Video,E-commerce,Canada,33807,807,0.0239,2.03,1638.21,25,65.53,5072.77,3.1,766,25,20,3.26,81.91
2024-03-21,Meta Ads,Search,SaaS,India,198074,5783,0.0292,0.61,3527.63,263,13.41,60037.86,17.02,5493,263,210,4.79,16.8
2024-11-17,Google Ads,Search,EdTech,UK,115282,4876,0.0423,3.76,18333.76,77,238.1,2427.15,0.13,4632,77,61,1.66,300.55
2024-02-27,Google Ads,Display,Healthcare,USA,45880,2817,0.0614,1.14,3211.38,62,51.8,2770.83,0.86,2676,62,49,2.32,65.54
2024-05-21,Meta Ads,Search,Healthcare,Germany,20993,583,0.0278,1.28,746.24,45,16.58,4493.83,6.02,553,45,36,8.14,20.73
2024-03-11,Google Ads,Video,SaaS,Canada,183448,8053,0.0439,2.08,16750.24,351,47.72,74979.38,4.48,7650,351,280,4.59,59.82
2024-01-21,TikTok Ads,Shopping,EdTech,UAE,119944,9331,0.0778,0.61,5691.91,717,7.94,101587.49,17.85,8864,717,573,8.09,9.93
2024-01-27,TikTok Ads,Search,Healthcare,Canada,69198,3529,0.051,0.55,1940.95,256,7.58,15199.33,7.83,3352,256,204,7.64,9.51
2024-12-08,Meta Ads,Search,Healthcare,UK,46936,2234,0.0476,0.79,1764.86,55,32.09,5977.87,3.39,2122,55,44,2.59,40.11
2024-07-04,TikTok Ads,Video,EdTech,India,21689,895,0.0413,0.95,850.25,22,38.65,4747.38,5.58,850,22,17,2.59,50.01
2024-03-14,TikTok Ads,Search,EdTech,India,24504,899,0.0367,1.42,1276.58,41,31.14,3721.4,2.92,854,41,32,4.8,39.89
2024-04-16,Meta Ads,Shopping,E-commerce,Canada,119053,4000,0.0336,1.01,4040.0,152,26.58,25959.16,6.43,3800,152,121,4.0,33.39
2024-01-21,TikTok Ads,Search,Healthcare,Canada,160522,5425,0.0338,1.11,6021.75,398,15.13,79057.93,13.13,5153,398,318,7.72,18.94
2024-08-04,Google Ads,Shopping,EdTech,UK,158627,7725,0.0487,2.88,22248.0,299,74.41,66700.13,3.0,7338,299,239,4.07,93.09
2024-06-26,Meta Ads,Video,SaaS,Germany,157955,2780,0.0176,0.62,1723.6,202,8.53,49191.36,28.54,2641,202,161,7.65,10.71
2024-03-16,Meta Ads,Shopping,EdTech,USA,196112,2647,0.0135,1.51,3996.97,187,21.37,16387.67,4.1,2514,187,149,7.44,26.83
2024-02-15,Meta Ads,Display,EdTech,Germany,67167,1907,0.0284,1.43,2727.01,114,23.92,20596.75,7.55,1811,114,91,6.29,29.97
2024-08-07,Google Ads,Display,Healthcare,India,90550,3966,0.0438,2.76,10946.16,207,52.88,7960.57,0.73,3767,207,165,5.5,66.34
2024-09-07,Google Ads,Shopping,EdTech,USA,91150,4119,0.0452,3.83,15775.77,98,160.98,4547.95,0.29,3913,98,78,2.5,202.25
2024-04-20,Google Ads,Display,Fintech,India,157832,4072,0.0258,2.38,9691.36,124,78.16,34560.39,3.57,3868,124,99,3.21,97.89
2024-09-27,Google Ads,Video,Fintech,India,28958,1355,0.0468,2.87,3888.85,49,79.36,13909.3,3.58,1287,49,39,3.81,99.71
2024-11-09,Meta Ads,Shopping,EdTech,UAE,8487,271,0.032,0.91,246.61,14,17.62,4179.96,16.95,257,14,11,5.45,22.42
2024-01-04,Meta Ads,Shopping,Healthcare,Canada,91284,2126,0.0233,0.92,1955.92,132,14.82,23916.94,12.23,2019,132,105,6.54,18.63
2024-03-22,Meta Ads,Video,Fintech,Germany,84737,1415,0.0167,0.61,863.15,67,12.88,10044.57,11.64,1344,67,53,4.99,16.29
2024-11-26,Meta Ads,Search,EdTech,Australia,31547,772,0.0245,1.99,1536.28,15,102.42,4188.5,2.73,733,15,12,2.05,128.02
2024-12-29,Meta Ads,Video,SaaS,Canada,162038,2722,0.0168,0.77,2095.94,71,29.52,16951.26,8.09,2585,71,56,2.75,37.43
2024-08-28,Google Ads,Video,EdTech,UAE,145119,9998,0.0689,1.46,14597.08,233,62.65,60859.85,4.17,9498,233,186,2.45,78.48
2024-05-10,TikTok Ads,Display,Healthcare,Canada,92601,4065,0.0439,0.52,2113.8,324,6.52,24076.73,11.39,3861,324,259,8.39,8.16
2024-12-30,Google Ads,Shopping,Healthcare,Canada,148041,8053,0.0544,3.47,27943.91,98,285.14,4146.07,0.15,7650,98,78,1.28,358.26
2024-09-25,Google Ads,Display,E-commerce,UK,25195,738,0.0293,2.61,1926.18,12,160.52,432.4,0.22,701,12,9,1.71,214.02
2024-01-21,Google Ads,Display,EdTech,Australia,186465,8689,0.0466,2.42,21027.38,367,57.3,57833.06,2.75,8254,367,293,4.45,71.77
2024-09-06,Google Ads,Shopping,Fintech,Australia,136960,5382,0.0393,1.42,7642.44,230,33.23,39826.63,5.21,5112,230,184,4.5,41.54
2024-04-21,Google Ads,Video,EdTech,USA,193405,7852,0.0406,0.96,7537.92,459,16.42,79715.61,10.58,7459,459,367,6.15,20.54
2024-06-05,Meta Ads,Video,Healthcare,USA,118591,4043,0.0341,1.15,4649.45,303,15.34,36581.13,7.87,3840,303,242,7.89,19.21
2024-02-07,Google Ads,Search,Fintech,Germany,163349,7906,0.0484,2.68,21188.08,360,58.86,44353.83,2.09,7510,360,288,4.79,73.57
2024-08-31,Google Ads,Video,Healthcare,USA,166957,5476,0.0328,1.22,6680.72,137,48.76,35345.21,5.29,5202,137,109,2.63,61.29
2024-06-28,Meta Ads,Display,SaaS,UK,169818,4992,0.0294,1.9,9484.8,146,64.96,26864.23,2.83,4742,146,116,3.08,81.77
2024-11-04,Google Ads,Display,EdTech,India,158441,3976,0.0251,2.72,10814.72,300,36.05,51868.85,4.8,3777,300,240,7.94,45.06
2024-12-25,Google Ads,Display,E-commerce,UK,10380,503,0.0485,2.0,1006.0,15,67.07,1306.45,1.3,477,15,12,3.14,83.83
2024-09-21,Google Ads,Shopping,SaaS,Australia,27791,930,0.0335,1.49,1385.7,73,18.98,10712.26,7.73,883,73,58,8.27,23.89
2024-03-28,Meta Ads,Shopping,E-commerce,Australia,124870,2622,0.021,1.68,4404.96,140,31.46,13095.31,2.97,2490,140,112,5.62,39.33
2024-08-30,Meta Ads,Display,Healthcare,Australia,137053,5550,0.0405,1.52,8436.0,381,22.14,43644.89,5.17,5272,381,304,7.23,27.75
2024-04-21,Meta Ads,Search,E-commerce,UAE,43062,1322,0.0307,0.7,925.4,23,40.23,2104.08,2.27,1255,23,18,1.83,51.41
2024-09-03,Google Ads,Video,SaaS,USA,177472,9210,0.0519,2.03,18696.3,410,45.6,45066.38,2.41,8749,410,328,4.69,57.0
2024-05-26,Google Ads,Display,Healthcare,Australia,25967,656,0.0253,2.69,1764.64,24,73.53,1078.62,0.61,623,24,19,3.85,92.88
2024-09-25,TikTok Ads,Shopping,SaaS,Canada,139162,7152,0.0514,1.39,9941.28,137,72.56,29124.09,2.93,6794,137,109,2.02,91.2
2024-12-22,Google Ads,Display,Fintech,UK,45364,1628,0.0359,1.23,2002.44,113,17.72,10930.4,5.46,1546,113,90,7.31,22.25
2024-01-15,Google Ads,Display,E-commerce,UK,62320,3857,0.0619,1.01,3895.57,158,24.66,17905.2,4.6,3664,158,126,4.31,30.92
2024-11-15,Meta Ads,Shopping,SaaS,Canada,141436,3026,0.0214,1.84,5567.84,108,51.55,24540.41,4.41,2874,108,86,3.76,64.74
2024-10-18,Meta Ads,Video,EdTech,Germany,152318,4554,0.0299,1.08,4918.32,296,16.62,64805.54,13.18,4326,296,236,6.84,20.84
2024-09-01,Google Ads,Search,SaaS,USA,27778,1902,0.0685,1.55,2948.1,125,23.58,15444.21,5.24,1806,125,100,6.92,29.48
2024-08-19,TikTok Ads,Video,E-commerce,UK,82400,3708,0.045,0.8,2966.4,139,21.34,31548.51,10.64,3522,139,111,3.95,26.72
2024-11-29,Google Ads,Search,Healthcare,UK,195606,10817,0.0553,3.53,38184.01,122,312.98,7355.91,0.19,10276,122,97,1.19,393.65
2024-11-20,TikTok Ads,Shopping,Fintech,Canada,18181,1179,0.0649,0.64,754.56,24,31.44,4581.7,6.07,1120,24,19,2.14,39.71
2024-04-26,Google Ads,Video,SaaS,USA,86560,5323,0.0615,0.91,4843.93,94,51.53,8283.62,1.71,5056,94,75,1.86,64.59
2024-03-11,Google Ads,Video,Fintech,USA,89845,2605,0.029,1.74,4532.7,155,29.24,14107.55,3.11,2474,155,124,6.27,36.55
2024-06-08,Meta Ads,Shopping,Fintech,Germany,194121,6270,0.0323,0.69,4326.3,133,32.53,11409.44,2.64,5956,133,106,2.23,40.81
2024-10-23,Meta Ads,Video,SaaS,Canada,81313,1089,0.0134,1.43,1557.27,77,20.22,3549.91,2.28,1034,77,61,7.45,25.53
2024-08-15,Google Ads,Display,Healthcare,USA,95153,5404,0.0568,1.7,9186.8,74,124.15,20688.95,2.25,5133,74,59,1.44,155.71
2024-02-17,Meta Ads,Display,Fintech,Germany,104926,3273,0.0312,1.48,4844.04,65,74.52,12449.27,2.57,3109,65,52,2.09,93.15
2024-12-06,Meta Ads,Shopping,SaaS,Germany,16093,466,0.029,0.83,386.78,28,13.81,5468.73,14.14,442,28,22,6.33,17.58
2024-11-27,Google Ads,Shopping,EdTech,Canada,155338,10718,0.069,1.86,19935.48,411,48.5,112821.78,5.66,10182,411,328,4.04,60.78
2024-11-13,Google Ads,Video,EdTech,Canada,179877,4317,0.024,2.54,10965.18,215,51.0,13004.03,1.19,4101,215,172,5.24,63.75
2024-08-24,TikTok Ads,Video,E-commerce,Australia,185510,9739,0.0525,2.05,19964.95,461,43.31,116711.4,5.85,9252,461,368,4.98,54.25
2024-08-20,TikTok Ads,Search,EdTech,Germany,135992,8023,0.059,0.4,3209.2,640,5.01,50560.98,15.76,7621,640,512,8.4,6.27
2024-01-16,Google Ads,Search,EdTech,Germany,192593,4949,0.0257,1.83,9056.67,172,52.66,20836.16,2.3,4701,172,137,3.66,66.11
2024-12-30,Meta Ads,Search,EdTech,UAE,18487,693,0.0375,0.49,339.57,36,9.43,7765.15,22.87,658,36,28,5.47,12.13
2024-11-24,Meta Ads,Video,EdTech,UK,88452,3361,0.038,1.63,5478.43,180,30.44,8119.45,1.48,3192,180,144,5.64,38.04
2024-10-16,TikTok Ads,Display,Fintech,USA,178714,7559,0.0423,1.14,8617.26,312,27.62,39985.98,4.64,7181,312,249,4.34,34.61
2024-07-05,TikTok Ads,Display,SaaS,UK,113190,3984,0.0352,1.41,5617.44,172,32.66,10269.39,1.83,3784,172,137,4.55,41.0
2024-04-13,Meta Ads,Video,E-commerce,Australia,126103,4300,0.0341,1.09,4687.0,313,14.97,18027.88,3.85,4085,313,250,7.66,18.75
2024-12-21,Google Ads,Search,Healthcare,India,101355,4459,0.044,2.55,11370.45,122,93.2,10455.25,0.92,4236,122,97,2.88,117.22
2024-02-16,Google Ads,Display,EdTech,Canada,197974,4375,0.0221,2.43,10631.25,347,30.64,73971.79,6.96,4156,347,277,8.35,38.38
2024-04-07,Meta Ads,Shopping,Fintech,UK,49261,724,0.0147,0.62,448.88,31,14.48,1397.37,3.11,687,31,24,4.51,18.7
2024-01-31,TikTok Ads,Shopping,SaaS,India,174668,10916,0.0625,0.63,6877.08,310,22.18,37599.64,5.47,10370,310,248,2.99,27.73
2024-10-16,Google Ads,Shopping,Fintech,USA,163178,5172,0.0317,2.21,11430.12,325,35.17,14305.21,1.25,4913,325,260,6.62,43.96
2024-11-17,TikTok Ads,Search,EdTech,USA,105726,8542,0.0808,1.4,11958.8,662,18.06,104498.78,8.74,8114,662,529,8.16,22.61
2024-02-12,TikTok Ads,Display,Healthcare,UAE,74285,2094,0.0282,0.63,1319.22,92,14.34,18972.8,14.38,1989,92,73,4.63,18.07
2024-01-29,Google Ads,Display,EdTech,USA,168471,6014,0.0357,0.97,5833.58,117,49.86,25231.33,4.33,5713,117,93,2.05,62.73
2024-10-09,TikTok Ads,Search,E-commerce,UK,128295,4695,0.0366,0.84,3943.8,276,14.29,42279.01,10.72,4460,276,220,6.19,17.93
2024-11-26,Meta Ads,Search,Healthcare,Australia,109777,2722,0.0248,1.44,3919.68,170,23.06,47040.47,12.0,2585,170,136,6.58,28.82
2024-09-17,TikTok Ads,Video,Healthcare,UAE,153537,7277,0.0474,1.0,7277.0,175,41.58,48117.42,6.61,6913,175,140,2.53,51.98
2024-08-30,Google Ads,Shopping,Fintech,Germany,20915,913,0.0437,1.03,940.39,37,25.42,3637.08,3.87,867,37,29,4.27,32.43
2024-07-26,Meta Ads,Search,EdTech,UK,29992,605,0.0202,0.61,369.05,35,10.54,5311.42,14.39,574,35,28,6.1,13.18
2024-03-05,Meta Ads,Search,Fintech,UK,187461,2511,0.0134,1.7,4268.7,189,22.59,16540.06,3.87,2385,189,151,7.92,28.27
2024-05-17,Google Ads,Display,E-commerce,Australia,107885,3344,0.031,2.09,6988.96,262,26.68,51456.48,7.36,3176,262,209,8.25,33.44
2024-05-23,Google Ads,Video,E-commerce,Germany,162242,5110,0.0315,2.67,13643.7,118,115.62,30643.55,2.25,4854,118,94,2.43,145.15
2024-05-06,Meta Ads,Video,EdTech,USA,34404,1204,0.035,1.42,1709.68,94,18.19,17655.16,10.33,1143,94,75,8.22,22.8
2024-11-02,Meta Ads,Display,EdTech,Australia,133773,3491,0.0261,1.83,6388.53,181,35.3,21663.32,3.39,3316,181,144,5.46,44.36
2024-08-03,Google Ads,Video,SaaS,Canada,185948,5373,0.0289,0.73,3922.29,82,47.83,15594.76,3.98,5104,82,65,1.61,60.34
2024-07-13,Google Ads,Shopping,Healthcare,Australia,98375,1898,0.0193,3.35,6358.3,45,141.3,2253.91,0.35,1803,45,36,2.5,176.62
2024-07-22,Google Ads,Video,Healthcare,USA,190826,12174,0.0638,1.75,21304.5,933,22.83,139478.01,6.55,11565,933,746,8.07,28.56
2024-07-07,Meta Ads,Display,Healthcare,UAE,105050,3077,0.0293,0.5,1538.5,206,7.47,55580.46,36.13,2923,206,164,7.05,9.38
2024-07-19,Google Ads,Shopping,E-commerce,India,52547,2806,0.0534,2.15,6032.9,47,128.36,13262.4,2.2,2665,47,37,1.76,163.05
2024-05-15,Google Ads,Search,Healthcare,India,139648,4398,0.0315,3.0,13194.0,347,38.02,82597.15,6.26,4178,347,277,8.31,47.63
2024-06-21,TikTok Ads,Search,Fintech,Germany,186434,8743,0.0469,1.65,14425.95,87,165.82,21530.58,1.49,8305,87,69,1.05,209.07
2024-07-29,Google Ads,Search,Fintech,Germany,63001,3181,0.0505,1.48,4707.88,94,50.08,3324.55,0.71,3021,94,75,3.11,62.77
2024-04-12,Meta Ads,Shopping,E-commerce,UK,132343,3507,0.0265,1.14,3997.98,238,16.8,17184.94,4.3,3331,238,190,7.15,21.04
2024-06-19,Google Ads,Shopping,Healthcare,UK,172570,3692,0.0214,2.16,7974.72,53,150.47,15699.11,1.97,3507,53,42,1.51,189.87
2024-04-09,Google Ads,Video,Fintech,UAE,196510,10316,0.0525,2.0,20632.0,282,73.16,66245.27,3.21,9800,282,225,2.88,91.7
2024-05-13,Google Ads,Display,EdTech,Canada,140875,6818,0.0484,2.25,15340.5,142,108.03,28774.25,1.88,6477,142,113,2.19,135.76
2024-08-02,TikTok Ads,Shopping,SaaS,USA,50955,3892,0.0764,1.27,4942.84,224,22.07,60995.17,12.34,3697,224,179,6.06,27.61
2024-10-19,Google Ads,Search,Fintech,USA,103991,3067,0.0295,2.59,7943.53,142,55.94,36045.3,4.54,2913,142,113,4.87,70.3
2024-10-25,Google Ads,Video,EdTech,Germany,22637,876,0.0387,1.22,1068.72,16,66.8,2623.14,2.45,832,16,12,1.92,89.06
2024-12-20,Meta Ads,Display,Fintech,Canada,86099,2910,0.0338,2.19,6372.9,194,32.85,39485.52,6.2,2764,194,155,7.02,41.12
2024-11-08,Meta Ads,Display,Fintech,UAE,181950,2401,0.0132,0.67,1608.67,168,9.58,30028.61,18.67,2280,168,134,7.37,12.0
2024-06-11,Meta Ads,Video,E-commerce,Australia,102229,2146,0.021,0.61,1309.06,52,25.17,14121.79,10.79,2038,52,41,2.55,31.93
2024-09-22,TikTok Ads,Video,SaaS,Germany,53167,2536,0.0477,0.44,1115.84,145,7.7,11216.46,10.05,2409,145,116,6.02,9.62
2024-05-06,Meta Ads,Shopping,SaaS,Canada,10177,413,0.0406,1.85,764.05,16,47.75,4058.36,5.31,392,16,12,4.08,63.67
2024-12-08,Meta Ads,Shopping,E-commerce,Canada,67714,738,0.0109,1.11,819.18,17,48.19,1445.84,1.76,701,17,13,2.43,63.01
2024-10-23,Google Ads,Shopping,Fintech,UK,51032,3036,0.0595,2.23,6770.28,195,34.72,18761.36,2.77,2884,195,156,6.76,43.4
2024-08-11,TikTok Ads,Display,SaaS,USA,68474,4923,0.0719,0.47,2313.81,198,11.69,32574.4,14.08,4676,198,158,4.23,14.64
2024-08-12,TikTok Ads,Video,SaaS,Australia,12838,784,0.0611,0.42,329.28,56,5.88,2887.05,8.77,744,56,44,7.53,7.48
2024-06-05,Google Ads,Display,Healthcare,UK,151595,9262,0.0611,1.76,16301.12,572,28.5,85249.68,5.23,8798,572,457,6.5,35.67
2024-04-11,TikTok Ads,Video,E-commerce,Germany,38799,1303,0.0336,0.33,429.99,51,8.43,4095.81,9.53,1237,51,40,4.12,10.75
2024-06-23,Google Ads,Video,SaaS,Australia,121565,2601,0.0214,2.04,5306.04,176,30.15,34156.84,6.44,2470,176,140,7.13,37.9
2024-09-11,Meta Ads,Display,E-commerce,Canada,38762,1007,0.026,0.68,684.76,16,42.8,3871.2,5.65,956,16,12,1.67,57.06
2024-02-18,Meta Ads,Search,E-commerce,India,32410,693,0.0214,1.79,1240.47,21,59.07,678.51,0.55,658,21,16,3.19,77.53
2024-03-29,TikTok Ads,Video,EdTech,Australia,134132,4694,0.035,0.82,3849.08,306,12.58,52932.5,13.75,4459,306,244,6.86,15.77
2024-01-28,Google Ads,Display,E-commerce,Australia,38005,1489,0.0392,1.51,2248.39,79,28.46,23043.93,10.25,1414,79,63,5.59,35.69
2024-01-15,Google Ads,Search,E-commerce,India,91348,2914,0.0319,1.73,5041.22,98,51.44,14981.67,2.97,2768,98,78,3.54,64.63
2024-08-22,Google Ads,Display,E-commerce,UK,87607,3661,0.0418,3.15,11532.15,106,108.79,31383.75,2.72,3477,106,84,3.05,137.29
2024-02-01,TikTok Ads,Shopping,Fintech,India,95288,7108,0.0746,0.51,3625.08,454,7.98,132401.61,36.52,6752,454,363,6.72,9.99
2024-09-28,TikTok Ads,Video,Healthcare,UK,68620,3602,0.0525,0.48,1728.96,134,12.9,22980.94,13.29,3421,134,107,3.92,16.16
2024-07-06,TikTok Ads,Video,Healthcare,Australia,95975,3848,0.0401,1.78,6849.44,66,103.78,6246.82,0.91,3655,66,52,1.81,131.72
2024-12-12,Google Ads,Shopping,SaaS,Canada,162064,5607,0.0346,2.42,13568.94,77,176.22,8174.03,0.6,5326,77,61,1.45,222.44
2024-05-18,Meta Ads,Search,Fintech,USA,57712,848,0.0147,0.9,763.2,64,11.93,2136.83,2.8,805,64,51,7.95,14.96
2024-06-29,Meta Ads,Shopping,Fintech,Germany,147412,3670,0.0249,1.17,4293.9,162,26.51,38717.46,9.02,3486,162,129,4.65,33.29
2024-02-06,Google Ads,Display,E-commerce,UAE,79525,2298,0.0289,1.58,3630.84,119,30.51,21777.03,6.0,2183,119,95,5.45,38.22
2024-04-18,Meta Ads,Shopping,E-commerce,UK,78480,1389,0.0177,1.69,2347.41,19,123.55,2972.32,1.27,1319,19,15,1.44,156.49
2024-03-11,TikTok Ads,Display,SaaS,UK,165232,7617,0.0461,0.77,5865.09,601,9.76,102707.85,17.51,7236,601,480,8.31,12.22
2024-05-18,Google Ads,Display,SaaS,UAE,13294,583,0.0439,1.38,804.54,46,17.49,11553.7,14.36,553,46,36,8.32,22.35
2024-11-16,Meta Ads,Video,EdTech,UK,55333,852,0.0154,1.05,894.6,66,13.55,12295.52,13.74,809,66,52,8.16,17.2
2024-09-24,Meta Ads,Display,Fintech,UK,177027,6160,0.0348,1.23,7576.8,220,34.44,59390.91,7.84,5852,220,176,3.76,43.05
2024-11-10,Meta Ads,Search,E-commerce,USA,21679,448,0.0207,0.89,398.72,31,12.86,3556.66,8.92,425,31,24,7.29,16.61
2024-07-09,Google Ads,Search,Healthcare,UK,18601,706,0.038,2.0,1412.0,54,26.15,3302.39,2.34,670,54,43,8.06,32.84
2024-11-29,Google Ads,Shopping,Healthcare,UAE,146583,2990,0.0204,1.61,4813.9,114,42.23,8660.28,1.8,2840,114,91,4.01,52.9
2024-11-17,Google Ads,Shopping,Fintech,Australia,46745,2140,0.0458,3.44,7361.6,38,193.73,5289.97,0.72,2033,38,30,1.87,245.39
2024-12-09,Google Ads,Display,E-commerce,Canada,39505,2251,0.057,3.06,6888.06,149,46.23,30920.99,4.49,2138,149,119,6.97,57.88
2024-03-11,Google Ads,Shopping,Healthcare,Germany,179342,4071,0.0227,2.26,9200.46,195,47.18,30682.52,3.33,3867,195,156,5.04,58.98
2024-10-27,Google Ads,Video,Fintech,UAE,75410,3039,0.0403,0.95,2887.05,239,12.08,29467.42,10.21,2887,239,191,8.28,15.12
2024-06-28,Google Ads,Search,Healthcare,UAE,83488,4049,0.0485,1.15,4656.35,45,103.47,2103.0,0.45,3846,45,36,1.17,129.34
2024-12-26,TikTok Ads,Display,SaaS,USA,149143,5175,0.0347,0.53,2742.75,140,19.59,11705.28,4.27,4916,140,112,2.85,24.49
2024-11-21,Meta Ads,Shopping,Fintech,Australia,52743,1207,0.0229,1.93,2329.51,90,25.88,11281.65,4.84,1146,90,72,7.85,32.35
2024-04-19,Meta Ads,Shopping,Healthcare,UK,92091,3342,0.0363,1.48,4946.16,145,34.11,37976.42,7.68,3174,145,116,4.57,42.64
2024-04-14,TikTok Ads,Video,Healthcare,USA,118687,10586,0.0892,0.75,7939.5,635,12.5,88046.75,11.09,10056,635,508,6.31,15.63
2024-10-25,Google Ads,Video,EdTech,UAE,195664,6378,0.0326,2.6,16582.8,312,53.15,33814.66,2.04,6059,312,249,5.15,66.6
2024-09-26,TikTok Ads,Search,EdTech,India,89946,5162,0.0574,0.63,3252.06,349,9.32,87393.19,26.87,4903,349,279,7.12,11.66
2024-12-05,TikTok Ads,Search,EdTech,India,170529,11766,0.069,1.48,17413.68,695,25.06,102403.13,5.88,11177,695,556,6.22,31.32
2024-01-03,Meta Ads,Display,Fintech,Canada,129750,2452,0.0189,1.09,2672.68,93,28.74,23770.39,8.89,2329,93,74,3.99,36.12
2024-01-22,Meta Ads,Display,Healthcare,USA,197882,5144,0.026,0.81,4166.64,299,13.94,68061.76,16.33,4886,299,239,6.12,17.43
2024-06-06,Google Ads,Display,E-commerce,Australia,58266,2651,0.0455,1.22,3234.22,103,31.4,3487.43,1.08,2518,103,82,4.09,39.44
2024-09-01,Meta Ads,Search,E-commerce,USA,98699,2171,0.022,2.22,4819.62,92,52.39,5066.63,1.05,2062,92,73,4.46,66.02
2024-01-18,TikTok Ads,Video,EdTech,UK,172820,5512,0.0319,1.5,8268.0,229,36.1,38190.22,4.62,5236,229,183,4.37,45.18
2024-11-30,Google Ads,Shopping,EdTech,UK,61902,2599,0.042,2.92,7589.08,160,47.43,43994.91,5.8,2469,160,128,6.48,59.29
2024-07-20,TikTok Ads,Shopping,EdTech,UAE,148573,8706,0.0586,1.77,15409.62,643,23.97,163989.09,10.64,8270,643,514,7.78,29.98
2024-11-06,Meta Ads,Shopping,EdTech,Germany,149654,6689,0.0447,1.29,8628.81,262,32.93,10578.46,1.23,6354,262,209,4.12,41.29
2024-01-24,Meta Ads,Search,Healthcare,India,191478,6414,0.0335,1.57,10069.98,236,42.67,56534.15,5.61,6093,236,188,3.87,53.56
2024-05-01,Meta Ads,Search,E-commerce,Canada,7196,287,0.04,2.21,634.27,10,63.43,693.26,1.09,272,10,8,3.68,79.28
2024-11-14,Google Ads,Display,Healthcare,India,30757,1202,0.0391,3.26,3918.52,60,65.31,5647.0,1.44,1141,60,48,5.26,81.64
2024-04-11,Google Ads,Display,Healthcare,Canada,17578,330,0.0188,3.07,1013.1,20,50.66,3553.78,3.51,313,20,16,6.39,63.32
2024-02-02,Google Ads,Display,E-commerce,USA,65530,2018,0.0308,2.81,5670.58,117,48.47,12114.63,2.14,1917,117,93,6.1,60.97
2024-09-18,TikTok Ads,Search,SaaS,UK,89403,5578,0.0624,1.48,8255.44,414,19.94,80503.15,9.75,5299,414,331,7.81,24.94
2024-06-09,TikTok Ads,Shopping,E-commerce,Australia,161904,4339,0.0268,1.05,4555.95,178,25.6,22405.85,4.92,4122,178,142,4.32,32.08
2024-09-08,Meta Ads,Video,EdTech,Canada,27036,708,0.0262,1.67,1182.36,12,98.53,1538.26,1.3,672,12,9,1.79,131.37
2024-06-08,Meta Ads,Shopping,SaaS,UK,12712,212,0.0167,1.7,360.4,9,40.04,375.03,1.04,201,9,7,4.48,51.49
2024-02-10,Google Ads,Shopping,E-commerce,UAE,24198,1214,0.0502,1.35,1638.9,60,27.32,11611.94,7.09,1153,60,48,5.2,34.14
2024-07-31,Google Ads,Display,SaaS,India,80324,2337,0.0291,2.99,6987.63,50,139.75,12463.37,1.78,2220,50,40,2.25,174.69
2024-04-22,Google Ads,Search,SaaS,Germany,160525,6003,0.0374,1.67,10025.01,106,94.58,12306.27,1.23,5702,106,84,1.86,119.35
2024-02-27,Google Ads,Display,Fintech,Germany,104821,4224,0.0403,1.36,5744.64,307,18.71,89314.07,15.55,4012,307,245,7.65,23.45
2024-10-03,Google Ads,Video,Healthcare,India,48118,1616,0.0336,3.66,5914.56,129,45.85,28604.24,4.84,1535,129,103,8.4,57.42
2024-02-06,TikTok Ads,Display,SaaS,Australia,53709,2868,0.0534,0.89,2552.52,222,11.5,47503.54,18.61,2724,222,177,8.15,14.42
2024-02-14,Google Ads,Display,Healthcare,UK,25497,1142,0.0448,1.84,2101.28,75,28.02,18551.01,8.83,1084,75,60,6.92,35.02
2024-08-26,TikTok Ads,Display,Fintech,UAE,178782,7705,0.0431,1.28,9862.4,352,28.02,30909.61,3.13,7319,352,281,4.81,35.1
2024-05-03,Meta Ads,Video,Healthcare,India,189221,7587,0.0401,0.91,6904.17,80,86.3,2769.22,0.4,7207,80,64,1.11,107.88
2024-12-26,Meta Ads,Search,Fintech,Germany,138704,1803,0.013,0.86,1550.58,119,13.03,10297.42,6.64,1712,119,95,6.95,16.32
2024-10-08,Google Ads,Video,EdTech,UK,120475,7794,0.0647,0.78,6079.32,530,11.47,143639.1,23.63,7404,530,424,7.16,14.34
2024-08-19,Google Ads,Shopping,Healthcare,Germany,125019,8251,0.066,3.77,31106.27,609,51.08,135443.82,4.35,7838,609,487,7.77,63.87
2024-12-11,Meta Ads,Search,EdTech,USA,198775,3637,0.0183,1.99,7237.63,235,30.8,18520.23,2.56,3455,235,188,6.8,38.5
2024-01-05,TikTok Ads,Video,EdTech,Australia,52059,2956,0.0568,0.57,1684.92,29,58.1,5633.14,3.34,2808,29,23,1.03,73.26
2024-05-31,Google Ads,Display,SaaS,USA,183373,7169,0.0391,1.55,11111.95,342,32.49,18314.28,1.65,6810,342,273,5.02,40.7
2024-09-13,Meta Ads,Search,E-commerce,USA,114844,3307,0.0288,2.1,6944.7,123,56.46,36552.89,5.26,3141,123,98,3.92,70.86
2024-08-27,Meta Ads,Search,E-commerce,USA,53865,1098,0.0204,1.28,1405.44,67,20.98,2545.35,1.81,1043,67,53,6.42,26.52
2024-01-07,Google Ads,Video,E-commerce,Germany,25080,1113,0.0444,2.62,2916.06,49,59.51,2232.61,0.77,1057,49,39,4.64,74.77
2024-07-12,TikTok Ads,Search,E-commerce,India,95853,4658,0.0486,0.31,1443.98,92,15.7,27317.08,18.92,4425,92,73,2.08,19.78
2024-05-26,Google Ads,Video,SaaS,Canada,27593,896,0.0325,2.39,2141.44,48,44.61,8087.57,3.78,851,48,38,5.64,56.35
2024-09-11,Meta Ads,Video,EdTech,USA,34949,1324,0.0379,1.79,2369.96,86,27.56,9084.22,3.83,1257,86,68,6.84,34.85
2024-05-17,TikTok Ads,Shopping,E-commerce,USA,72986,3379,0.0463,1.77,5980.83,188,31.81,17387.72,2.91,3210,188,150,5.86,39.87
2024-02-02,Google Ads,Shopping,Healthcare,UAE,149848,9290,0.062,1.97,18301.3,537,34.08,106414.01,5.81,8825,537,429,6.08,42.66
2024-09-03,Google Ads,Video,SaaS,Australia,143235,3981,0.0278,1.83,7285.23,125,58.28,27104.75,3.72,3781,125,100,3.31,72.85
2024-02-11,TikTok Ads,Video,EdTech,India,157625,9457,0.06,0.48,4539.36,534,8.5,147520.8,32.5,8984,534,427,5.94,10.63
2024-11-28,Meta Ads,Search,Fintech,India,172816,3819,0.0221,2.14,8172.66,193,42.35,41926.28,5.13,3628,193,154,5.32,53.07
2024-12-14,TikTok Ads,Video,E-commerce,UK,56529,4494,0.0795,1.51,6785.94,104,65.25,9525.68,1.4,4269,104,83,2.44,81.76
2024-04-13,TikTok Ads,Shopping,EdTech,USA,176030,13079,0.0743,1.51,19749.29,200,98.75,41247.07,2.09,12425,200,160,1.61,123.43
2024-11-03,Meta Ads,Search,SaaS,Canada,128355,1758,0.0137,1.86,3269.88,122,26.8,6205.33,1.9,1670,122,97,7.31,33.71
2024-09-25,Google Ads,Video,Fintech,USA,14096,476,0.0338,1.29,614.04,34,18.06,3175.83,5.17,452,34,27,7.52,22.74
2024-04-02,Google Ads,Video,SaaS,USA,31855,1411,0.0443,1.7,2398.7,60,39.98,3201.45,1.33,1340,60,48,4.48,49.97
2024-02-19,Google Ads,Search,EdTech,UAE,95218,2199,0.0231,2.39,5255.61,103,51.03,17399.72,3.31,2089,103,82,4.93,64.09
2024-02-06,Google Ads,Shopping,E-commerce,Germany,102409,3389,0.0331,3.58,12132.62,149,81.43,31253.87,2.58,3219,149,119,4.63,101.95
2024-09-12,Google Ads,Search,E-commerce,India,31049,1021,0.0329,3.31,3379.51,31,109.02,7117.65,2.11,969,31,24,3.2,140.81
2024-09-19,TikTok Ads,Search,Healthcare,Germany,129077,4065,0.0315,1.22,4959.3,295,16.81,44193.52,8.91,3861,295,236,7.64,21.01
2024-09-20,Meta Ads,Shopping,E-commerce,Germany,166874,6641,0.0398,0.68,4515.88,200,22.58,17225.95,3.81,6308,200,160,3.17,28.22
2024-02-13,Google Ads,Search,SaaS,Australia,153865,5785,0.0376,1.7,9834.5,139,70.75,16979.34,1.73,5495,139,111,2.53,88.6
2024-11-07,TikTok Ads,Display,Healthcare,UK,187199,12036,0.0643,1.33,16007.88,946,16.92,165825.37,10.36,11434,946,756,8.27,21.17
2024-06-27,Meta Ads,Video,SaaS,UK,117696,4531,0.0385,1.09,4938.79,325,15.2,19270.73,3.9,4304,325,260,7.55,19.0
2024-10-19,Meta Ads,Search,Healthcare,Canada,147324,1325,0.009,1.72,2279.0,96,23.74,10356.84,4.54,1258,96,76,7.63,29.99
2024-08-04,Google Ads,Video,Fintech,Australia,39001,1450,0.0372,2.62,3799.0,18,211.06,5256.07,1.38,1377,18,14,1.31,271.36
2024-01-03,TikTok Ads,Search,Healthcare,USA,69277,5057,0.073,1.06,5360.42,268,20.0,57608.77,10.75,4804,268,214,5.58,25.05
2024-04-10,Google Ads,Search,E-commerce,USA,166687,11384,0.0683,0.73,8310.32,899,9.24,139644.2,16.8,10814,899,719,8.31,11.56
2024-12-02,Meta Ads,Video,E-commerce,Canada,173898,5321,0.0306,0.53,2820.13,239,11.8,52181.09,18.5,5054,239,191,4.73,14.77
2024-05-31,Google Ads,Display,SaaS,Canada,117000,7979,0.0682,1.47,11729.13,366,32.05,14373.81,1.23,7580,366,292,4.83,40.17
2024-10-25,Meta Ads,Shopping,SaaS,UK,55697,957,0.0172,0.91,870.87,12,72.57,1673.31,1.92,909,12,9,1.32,96.76
2024-07-03,Google Ads,Display,Fintech,UK,46585,1504,0.0323,2.2,3308.8,85,38.93,13372.82,4.04,1428,85,68,5.95,48.66
2024-08-14,TikTok Ads,Search,E-commerce,Germany,97345,5178,0.0532,0.61,3158.58,289,10.93,44113.49,13.97,4919,289,231,5.88,13.67
2024-06-18,TikTok Ads,Video,E-commerce,India,143519,10519,0.0733,0.86,9046.34,673,13.44,28878.71,3.19,9993,673,538,6.73,16.81
2024-05-01,Meta Ads,Display,E-commerce,Canada,68843,633,0.0092,0.89,563.37,25,22.53,2441.19,4.33,601,25,20,4.16,28.17
2024-03-27,Google Ads,Display,Fintech,USA,129679,5848,0.0451,1.48,8655.04,158,54.78,32419.87,3.75,5555,158,126,2.84,68.69
2024-01-31,Meta Ads,Search,Fintech,UK,153157,5498,0.0359,1.8,9896.4,401,24.68,90694.52,9.16,5223,401,320,7.68,30.93
2024-08-21,Meta Ads,Display,E-commerce,Canada,138074,3313,0.024,1.91,6327.83,209,30.28,16533.53,2.61,3147,209,167,6.64,37.89
2024-11-16,Google Ads,Shopping,SaaS,Germany,119132,3466,0.0291,2.19,7590.54,261,29.08,30598.06,4.03,3292,261,208,7.93,36.49
2024-05-05,Google Ads,Video,E-commerce,Canada,43634,1937,0.0444,2.38,4610.06,58,79.48,15065.19,3.27,1840,58,46,3.15,100.22
2024-06-27,Meta Ads,Shopping,Fintech,USA,198899,2923,0.0147,1.97,5758.31,95,60.61,3750.0,0.65,2776,95,76,3.42,75.77
2024-05-15,Meta Ads,Video,SaaS,Germany,143383,3412,0.0238,1.02,3480.24,117,29.75,19100.2,5.49,3241,117,93,3.61,37.42
2024-02-06,Meta Ads,Video,E-commerce,UAE,92469,2487,0.0269,0.6,1492.2,48,31.09,14164.35,9.49,2362,48,38,2.03,39.27
2024-11-09,Google Ads,Shopping,SaaS,Germany,30852,684,0.0222,1.59,1087.56,11,98.87,2813.84,2.59,649,11,8,1.69,135.94
2024-11-16,Meta Ads,Search,Healthcare,Germany,87565,3213,0.0367,2.2,7068.6,106,66.68,13715.98,1.94,3052,106,84,3.47,84.15
2024-12-11,Google Ads,Shopping,EdTech,UK,154058,3728,0.0242,2.46,9170.88,125,73.37,7520.81,0.82,3541,125,100,3.53,91.71
2024-06-14,Google Ads,Display,SaaS,India,160579,7804,0.0486,1.36,10613.44,193,54.99,9996.49,0.94,7413,193,154,2.6,68.92
2024-10-24,TikTok Ads,Search,SaaS,UAE,34076,1363,0.04,1.14,1553.82,16,97.11,2219.67,1.43,1294,16,12,1.24,129.48
2024-05-29,TikTok Ads,Shopping,Healthcare,Germany,37261,1591,0.0427,1.08,1718.28,40,42.96,8930.04,5.2,1511,40,32,2.65,53.7
2024-02-16,Meta Ads,Shopping,Fintech,USA,178553,7213,0.0404,2.28,16445.64,556,29.58,50559.85,3.07,6852,556,444,8.11,37.04
2024-03-06,Meta Ads,Search,Healthcare,Australia,132390,2780,0.021,1.01,2807.8,133,21.11,39444.5,14.05,2641,133,106,5.04,26.49
2024-08-17,TikTok Ads,Search,Healthcare,Australia,166446,7822,0.047,1.15,8995.3,218,41.26,21100.54,2.35,7430,218,174,2.93,51.7
2024-10-30,TikTok Ads,Shopping,EdTech,Germany,158807,5859,0.0369,0.57,3339.63,73,45.75,7304.51,2.19,5566,73,58,1.31,57.58
2024-10-18,Meta Ads,Video,EdTech,Australia,66265,1881,0.0284,2.04,3837.24,76,50.49,2782.02,0.73,1786,76,60,4.26,63.95
2024-02-11,Google Ads,Search,SaaS,UK,137156,5253,0.0383,2.15,11293.95,280,40.34,75085.66,6.65,4990,280,224,5.61,50.42
2024-12-28,Google Ads,Shopping,Fintech,India,123292,2527,0.0205,3.55,8970.85,179,50.12,36566.56,4.08,2400,179,143,7.46,62.73
2024-08-07,TikTok Ads,Display,Fintech,UK,68642,3363,0.049,0.37,1244.31,37,33.63,8887.57,7.14,3194,37,29,1.16,42.91
2024-02-20,Google Ads,Shopping,SaaS,Canada,147727,7534,0.051,2.33,17554.22,206,85.21,23788.98,1.36,7157,206,164,2.88,107.04
2024-03-10,TikTok Ads,Search,E-commerce,Australia,179818,11724,0.0652,1.03,12075.72,880,13.72,242039.99,20.04,11137,880,704,7.9,17.15
2024-10-25,Google Ads,Display,Fintech,Australia,158481,6053,0.0382,1.63,9866.39,116,85.06,30091.81,3.05,5750,116,92,2.02,107.24
2024-06-10,TikTok Ads,Search,Fintech,India,12784,1055,0.0826,0.38,400.9,67,5.98,12031.35,30.01,1002,67,53,6.69,7.56
2024-12-11,Meta Ads,Video,EdTech,Australia,117169,3304,0.0282,1.27,4196.08,83,50.56,20949.79,4.99,3138,83,66,2.64,63.58
2024-01-17,Meta Ads,Video,EdTech,Germany,190928,5078,0.0266,1.45,7363.1,186,39.59,47430.11,6.44,4824,186,148,3.86,49.75
2024-12-12,Google Ads,Search,E-commerce,India,38512,1840,0.0478,1.34,2465.6,53,46.52,3324.76,1.35,1748,53,42,3.03,58.7
2024-02-11,Meta Ads,Video,SaaS,UAE,92986,2082,0.0224,1.73,3601.86,108,33.35,6838.55,1.9,1977,108,86,5.46,41.88
2024-04-29,Meta Ads,Search,Healthcare,UAE,80589,1160,0.0144,0.95,1102.0,75,14.69,21781.43,19.77,1102,75,60,6.81,18.37
2024-07-19,Meta Ads,Display,EdTech,India,140475,5043,0.0359,2.04,10287.72,327,31.46,96504.49,9.38,4790,327,261,6.83,39.42
2024-09-09,Google Ads,Video,E-commerce,Canada,103348,1891,0.0183,1.54,2912.14,30,97.07,1064.02,0.37,1796,30,24,1.67,121.34
2024-01-17,Meta Ads,Search,EdTech,Australia,100343,3461,0.0345,1.08,3737.88,259,14.43,51755.16,13.85,3287,259,207,7.88,18.06
2024-07-21,TikTok Ads,Display,SaaS,UAE,179039,14663,0.0819,1.36,19941.68,1151,17.33,281693.26,14.13,13929,1151,920,8.26,21.68
2024-04-20,Meta Ads,Display,SaaS,UK,13100,186,0.0142,1.5,279.0,10,27.9,1347.41,4.83,176,10,8,5.68,34.88
2024-02-04,Google Ads,Search,EdTech,UAE,167198,5132,0.0307,2.31,11854.92,120,98.79,19874.34,1.68,4875,120,96,2.46,123.49
2024-09-08,Meta Ads,Video,E-commerce,UK,35755,672,0.0188,2.01,1350.72,39,34.63,1411.24,1.04,638,39,31,6.11,43.57
2024-04-17,Google Ads,Display,E-commerce,Germany,177420,7646,0.0431,2.42,18503.32,478,38.71,110744.54,5.99,7263,478,382,6.58,48.44
2024-02-21,Google Ads,Search,SaaS,UAE,195067,9129,0.0468,0.95,8672.55,128,67.75,24006.78,2.77,8672,128,102,1.48,85.02
2024-01-30,Google Ads,Display,EdTech,USA,44435,1453,0.0327,2.68,3894.04,48,81.13,6345.04,1.63,1380,48,38,3.48,102.47
2024-04-04,TikTok Ads,Search,SaaS,UAE,57448,2338,0.0407,0.5,1169.0,143,8.17,25654.56,21.95,2221,143,114,6.44,10.25
2024-01-06,Google Ads,Video,E-commerce,UK,139158,3061,0.022,1.27,3887.47,118,32.94,15835.46,4.07,2907,118,94,4.06,41.36
2024-02-29,Meta Ads,Display,Healthcare,Germany,148463,4810,0.0324,2.11,10149.1,286,35.49,68709.26,6.77,4569,286,228,6.26,44.51
2024-01-27,Meta Ads,Search,E-commerce,Australia,30123,554,0.0184,1.78,986.12,15,65.74,2874.83,2.92,526,15,12,2.85,82.18
2024-01-05,Meta Ads,Shopping,E-commerce,USA,139257,2631,0.0189,1.61,4235.91,99,42.79,9781.28,2.31,2499,99,79,3.96,53.62
2024-07-06,Google Ads,Search,Healthcare,Germany,103053,2607,0.0253,2.19,5709.33,194,29.43,39533.49,6.92,2476,194,155,7.84,36.83
2024-02-29,Google Ads,Display,Fintech,Canada,44140,2101,0.0476,1.05,2206.05,55,40.11,6735.72,3.05,1995,55,44,2.76,50.14
2024-07-04,Meta Ads,Display,SaaS,India,88698,1073,0.0121,0.92,987.16,43,22.96,5727.99,5.8,1019,43,34,4.22,29.03
2024-01-12,Meta Ads,Display,EdTech,Canada,182011,1911,0.0105,0.55,1051.05,35,30.03,3848.31,3.66,1815,35,28,1.93,37.54
2024-01-20,TikTok Ads,Display,Fintech,India,29180,1464,0.0502,0.53,775.92,59,13.15,11729.57,15.12,1390,59,47,4.24,16.51
2024-01-13,Meta Ads,Video,E-commerce,UK,138686,2621,0.0189,1.52,3983.92,195,20.43,52398.49,13.15,2489,195,156,7.83,25.54
2024-09-22,Google Ads,Search,Fintech,India,181976,7752,0.0426,1.72,13333.44,255,52.29,75491.87,5.66,7364,255,204,3.46,65.36
2024-12-10,Google Ads,Shopping,Healthcare,UK,103902,3927,0.0378,1.16,4555.32,215,21.19,37434.38,8.22,3730,215,172,5.76,26.48
2024-04-05,TikTok Ads,Display,SaaS,Canada,132081,10051,0.0761,0.71,7136.21,229,31.16,62261.45,8.72,9548,229,183,2.4,39.0
2024-05-18,Meta Ads,Video,E-commerce,UK,25077,341,0.0136,0.42,143.22,5,28.64,779.52,5.44,323,5,4,1.55,35.8
2024-04-16,Meta Ads,Video,E-commerce,UAE,113987,3579,0.0314,0.76,2720.04,229,11.88,31787.48,11.69,3400,229,183,6.74,14.86
2024-03-20,Meta Ads,Shopping,Fintech,Canada,14705,363,0.0247,0.94,341.22,4,85.31,738.37,2.16,344,4,3,1.16,113.74
2024-06-02,Google Ads,Search,EdTech,USA,16955,440,0.026,1.82,800.8,30,26.69,3274.44,4.09,418,30,24,7.18,33.37
2024-09-22,Meta Ads,Display,E-commerce,India,127082,2452,0.0193,2.18,5345.36,53,100.86,8408.45,1.57,2329,53,42,2.28,127.27
2024-02-13,Meta Ads,Video,E-commerce,India,57299,1186,0.0207,1.35,1601.1,25,64.04,5383.27,3.36,1126,25,20,2.22,80.05
2024-06-19,Meta Ads,Shopping,Fintech,Australia,134986,4346,0.0322,1.63,7083.98,149,47.54,28100.44,3.97,4128,149,119,3.61,59.53
2024-07-22,Google Ads,Display,E-commerce,Australia,12546,725,0.0578,1.45,1051.25,43,24.45,2269.78,2.16,688,43,34,6.25,30.92
2024-05-27,Google Ads,Search,Fintech,Canada,161554,6252,0.0387,3.05,19068.6,361,52.82,57767.01,3.03,5939,361,288,6.08,66.21
2024-01-25,Meta Ads,Search,Healthcare,India,27499,728,0.0265,1.07,778.96,17,45.82,3860.75,4.96,691,17,13,2.46,59.92
2024-12-20,TikTok Ads,Display,EdTech,India,153936,5895,0.0383,0.89,5246.55,373,14.07,85268.07,16.25,5600,373,298,6.66,17.61
2024-04-07,TikTok Ads,Display,E-commerce,Germany,41232,1859,0.0451,1.06,1970.54,126,15.64,22069.99,11.2,1766,126,100,7.13,19.71
2024-02-16,Meta Ads,Video,Healthcare,Canada,133088,5243,0.0394,1.68,8808.24,226,38.97,48389.85,5.49,4980,226,180,4.54,48.93
2024-04-18,Meta Ads,Search,SaaS,Australia,33082,340,0.0103,1.86,632.4,9,70.27,2116.06,3.35,323,9,7,2.79,90.34
2024-04-16,Meta Ads,Display,Fintech,Germany,179504,5026,0.028,1.11,5578.86,203,27.48,10121.88,1.81,4774,203,162,4.25,34.44
2024-06-11,Meta Ads,Shopping,Healthcare,USA,16344,534,0.0327,0.9,480.6,11,43.69,465.35,0.97,507,11,8,2.17,60.08
2024-03-05,TikTok Ads,Display,E-commerce,Canada,196312,12642,0.0644,1.28,16181.76,584,27.71,148695.91,9.19,12009,584,467,4.86,34.65
2024-10-31,TikTok Ads,Shopping,E-commerce,USA,17626,1113,0.0632,0.54,601.02,50,12.02,2568.51,4.27,1057,50,40,4.73,15.03
2024-05-22,Meta Ads,Shopping,SaaS,Germany,46603,955,0.0205,0.69,658.95,23,28.65,2614.49,3.97,907,23,18,2.54,36.61
2024-01-28,Meta Ads,Search,EdTech,UAE,113878,3678,0.0323,0.92,3383.76,216,15.67,62162.63,18.37,3494,216,172,6.18,19.67
2024-05-24,Meta Ads,Display,E-commerce,Canada,196354,2945,0.015,1.11,3268.95,177,18.47,7478.3,2.29,2797,177,141,6.33,23.18
2024-07-25,Meta Ads,Video,EdTech,Australia,62194,2039,0.0328,1.84,3751.76,129,29.08,23854.38,6.36,1937,129,103,6.66,36.42
2024-11-17,TikTok Ads,Shopping,Healthcare,Germany,56069,2949,0.0526,0.85,2506.65,150,16.71,29064.28,11.59,2801,150,120,5.36,20.89
2024-07-18,Meta Ads,Search,EdTech,UAE,18706,458,0.0245,0.44,201.52,35,5.76,7330.28,36.37,435,35,28,8.05,7.2
2024-03-22,TikTok Ads,Video,SaaS,Canada,49390,3368,0.0682,1.65,5557.2,195,28.5,57395.9,10.33,3199,195,156,6.1,35.62
2024-07-19,Google Ads,Shopping,Fintech,India,23773,461,0.0194,1.6,737.6,5,147.52,642.97,0.87,437,5,4,1.14,184.4
2024-09-03,Meta Ads,Search,E-commerce,Canada,19959,586,0.0294,1.99,1166.14,17,68.6,4432.12,3.8,556,17,13,3.06,89.7
2024-01-30,Meta Ads,Display,Fintech,UAE,166155,6048,0.0364,1.46,8830.08,260,33.96,28494.38,3.23,5745,260,208,4.53,42.45
2024-02-28,TikTok Ads,Shopping,SaaS,UAE,50819,3206,0.0631,0.95,3045.7,222,13.72,24319.42,7.98,3045,222,177,7.29,17.21
2024-08-28,Google Ads,Display,Healthcare,UK,15796,301,0.0191,1.91,574.91,17,33.82,1137.71,1.98,285,17,13,5.96,44.22
2024-02-24,TikTok Ads,Display,E-commerce,India,133422,8458,0.0634,0.82,6935.56,663,10.46,111531.65,16.08,8035,663,530,8.25,13.09
2024-04-28,Meta Ads,Video,EdTech,Germany,181026,2769,0.0153,1.06,2935.14,155,18.94,18246.01,6.22,2630,155,124,5.89,23.67
2024-03-17,Meta Ads,Shopping,E-commerce,Germany,57784,907,0.0157,1.21,1097.47,54,20.32,2856.1,2.6,861,54,43,6.27,25.52
2024-06-22,Meta Ads,Search,E-commerce,India,81023,1944,0.024,1.31,2546.64,146,17.44,32752.99,12.86,1846,146,116,7.91,21.95
2024-07-08,Google Ads,Shopping,EdTech,USA,93623,6319,0.0675,1.25,7898.75,83,95.17,20925.73,2.65,6003,83,66,1.38,119.68
2024-05-12,TikTok Ads,Search,EdTech,Germany,118483,8826,0.0745,1.69,14915.94,570,26.17,139364.5,9.34,8384,570,456,6.8,32.71
2024-04-30,Google Ads,Shopping,Healthcare,UAE,155018,9146,0.059,2.96,27072.16,495,54.69,33297.83,1.23,8688,495,396,5.7,68.36
2024-11-03,Google Ads,Search,EdTech,Canada,13614,744,0.0547,2.97,2209.68,54,40.92,11111.12,5.03,706,54,43,7.65,51.39
2024-12-16,Google Ads,Display,SaaS,Australia,7594,225,0.0297,1.19,267.75,7,38.25,1275.11,4.76,213,7,5,3.29,53.55
2024-08-16,TikTok Ads,Search,E-commerce,Australia,161640,5916,0.0366,0.46,2721.36,445,6.12,30797.18,11.32,5620,445,356,7.92,7.64
2024-12-23,Google Ads,Video,E-commerce,UAE,83845,2599,0.031,2.69,6991.31,137,51.03,29891.75,4.28,2469,137,109,5.55,64.14
2024-05-17,Google Ads,Display,Healthcare,Germany,195610,9956,0.0509,2.37,23595.72,401,58.84,116291.87,4.93,9458,401,320,4.24,73.74
2024-09-14,Google Ads,Display,Healthcare,UAE,63812,2686,0.0421,2.98,8004.28,84,95.29,6979.61,0.87,2551,84,67,3.29,119.47
2024-08-28,Google Ads,Video,Fintech,UAE,33794,1030,0.0305,1.75,1802.5,25,72.1,1849.39,1.03,978,25,20,2.56,90.12
2024-06-15,Meta Ads,Shopping,Fintech,India,130056,3537,0.0272,0.58,2051.46,207,9.91,27550.99,13.43,3360,207,165,6.16,12.43
2024-12-29,Google Ads,Shopping,SaaS,Canada,149438,3287,0.022,3.73,12260.51,153,80.13,8351.95,0.68,3122,153,122,4.9,100.5
2024-01-17,Meta Ads,Shopping,Healthcare,Canada,185750,1653,0.0089,1.3,2148.9,34,63.2,2916.11,1.36,1570,34,27,2.17,79.59
2024-07-29,Meta Ads,Video,SaaS,India,24750,747,0.0302,1.19,888.93,48,18.52,1738.76,1.96,709,48,38,6.77,23.39
2024-11-16,TikTok Ads,Shopping,Fintech,UK,66262,3790,0.0572,1.07,4055.3,150,27.04,24443.12,6.03,3600,150,120,4.17,33.79
2024-05-09,TikTok Ads,Video,E-commerce,UK,126854,7243,0.0571,0.81,5866.83,474,12.38,55705.28,9.49,6880,474,379,6.89,15.48
2024-09-19,Meta Ads,Video,EdTech,Canada,32559,553,0.017,0.71,392.63,6,65.44,1500.74,3.82,525,6,4,1.14,98.16
2024-07-27,Google Ads,Search,SaaS,UAE,85729,1757,0.0205,3.02,5306.14,90,58.96,21584.82,4.07,1669,90,72,5.39,73.7
2024-12-08,Meta Ads,Shopping,E-commerce,India,126432,1567,0.0124,1.65,2585.55,110,23.51,31358.68,12.13,1488,110,88,7.39,29.38
2024-03-28,Meta Ads,Search,Fintech,UK,196595,2614,0.0133,0.38,993.32,28,35.48,6376.7,6.42,2483,28,22,1.13,45.15
2024-09-24,Meta Ads,Search,E-commerce,UK,14028,342,0.0244,1.89,646.38,7,92.34,716.51,1.11,324,7,5,2.16,129.28
2024-03-21,Google Ads,Display,Healthcare,Canada,77964,2915,0.0374,3.38,9852.7,161,61.2,14283.0,1.45,2769,161,128,5.81,76.97
2024-04-12,Google Ads,Search,Fintech,UK,102677,3131,0.0305,3.67,11490.77,79,145.45,13056.26,1.14,2974,79,63,2.66,182.39
2024-12-29,Google Ads,Search,Fintech,Germany,137737,3925,0.0285,0.9,3532.5,78,45.29,11545.1,3.27,3728,78,62,2.09,56.98
2024-05-05,Google Ads,Shopping,EdTech,USA,93534,3544,0.0379,0.95,3366.8,187,18.0,32280.5,9.59,3366,187,149,5.56,22.6
2024-06-17,Google Ads,Video,Fintech,Australia,127475,7342,0.0576,2.34,17180.28,574,29.93,74747.49,4.35,6974,574,459,8.23,37.43
2024-09-09,Google Ads,Display,SaaS,USA,82700,2679,0.0324,0.86,2303.94,140,16.46,20788.45,9.02,2545,140,112,5.5,20.57
2024-05-19,TikTok Ads,Shopping,E-commerce,UK,96432,7155,0.0742,0.35,2504.25,336,7.45,47954.95,19.15,6797,336,268,4.94,9.34
2024-12-06,TikTok Ads,Shopping,SaaS,USA,154656,6557,0.0424,0.4,2622.8,345,7.6,49646.11,18.93,6229,345,276,5.54,9.5
2024-06-22,Google Ads,Video,Healthcare,UK,115415,3866,0.0335,3.29,12719.14,280,45.43,61322.57,4.82,3672,280,224,7.63,56.78
2024-09-14,Google Ads,Search,E-commerce,Canada,157963,5607,0.0355,0.88,4934.16,205,24.07,50937.22,10.32,5326,205,164,3.85,30.09
2024-06-06,Meta Ads,Video,Fintech,Canada,133684,2018,0.0151,1.72,3470.96,44,78.89,11449.27,3.3,1917,44,35,2.3,99.17
2024-01-05,Google Ads,Shopping,Healthcare,UAE,20091,956,0.0476,3.41,3259.96,36,90.55,9230.05,2.83,908,36,28,3.96,116.43
2024-12-19,Google Ads,Display,E-commerce,Canada,126946,6728,0.053,2.31,15541.68,132,117.74,34256.99,2.2,6391,132,105,2.07,148.02
2024-12-30,TikTok Ads,Search,Healthcare,Germany,8311,476,0.0573,1.61,766.36,18,42.58,1064.02,1.39,452,18,14,3.98,54.74
2024-04-26,Google Ads,Video,Healthcare,UK,140091,7242,0.0517,2.52,18249.84,347,52.59,24525.17,1.34,6879,347,277,5.04,65.88
2024-05-16,TikTok Ads,Shopping,E-commerce,Canada,140121,4778,0.0341,0.86,4109.08,291,14.12,84859.67,20.65,4539,291,232,6.41,17.71
2024-07-31,Meta Ads,Display,Fintech,UK,159301,6738,0.0423,2.18,14688.84,302,48.64,57570.61,3.92,6401,302,241,4.72,60.95
2024-01-16,TikTok Ads,Shopping,SaaS,Germany,88940,4384,0.0493,0.32,1402.88,66,21.26,10447.12,7.45,4164,66,52,1.59,26.98
2024-08-04,Meta Ads,Search,Fintech,Canada,194287,5032,0.0259,0.85,4277.2,338,12.65,32920.35,7.7,4780,338,270,7.07,15.84
2024-02-08,TikTok Ads,Search,Healthcare,India,17911,1148,0.0641,1.15,1320.2,52,25.39,3388.21,2.57,1090,52,41,4.77,32.2
2024-07-22,Meta Ads,Display,SaaS,UK,9909,170,0.0172,1.86,316.2,10,31.62,1238.47,3.92,161,10,8,6.21,39.52
2024-01-18,TikTok Ads,Search,E-commerce,India,168616,6508,0.0386,1.02,6638.16,508,13.07,151081.09,22.76,6182,508,406,8.22,16.35
2024-09-29,Meta Ads,Shopping,Healthcare,Germany,139346,4096,0.0294,0.62,2539.52,236,10.76,12521.54,4.93,3891,236,188,6.07,13.51
2024-03-15,Meta Ads,Search,Fintech,UK,98740,1589,0.0161,2.09,3321.01,47,70.66,5063.31,1.52,1509,47,37,3.11,89.76
2024-06-02,TikTok Ads,Video,EdTech,India,26471,1890,0.0714,0.94,1776.6,74,24.01,21647.86,12.18,1795,74,59,4.12,30.11
2024-07-25,Meta Ads,Display,Healthcare,USA,174048,3846,0.0221,1.74,6692.04,75,89.23,18304.27,2.74,3653,75,60,2.05,111.53
2024-04-01,Meta Ads,Search,Healthcare,Australia,8877,230,0.026,0.76,174.8,9,19.42,1921.06,10.99,218,9,7,4.13,24.97
2024-05-13,Meta Ads,Shopping,EdTech,Germany,32488,919,0.0283,1.93,1773.67,32,55.43,7341.13,4.14,873,32,25,3.67,70.95
2024-11-10,Google Ads,Search,Healthcare,USA,77968,3001,0.0385,2.85,8552.85,193,44.32,31448.71,3.68,2850,193,154,6.77,55.54
2024-07-31,TikTok Ads,Video,Fintech,UAE,10156,474,0.0467,0.31,146.94,29,5.07,1480.61,10.08,450,29,23,6.44,6.39
2024-03-23,Meta Ads,Display,Fintech,UK,63676,1757,0.0276,1.16,2038.12,137,14.88,8830.01,4.33,1669,137,109,8.21,18.7
2024-06-29,Google Ads,Video,EdTech,UAE,93545,2974,0.0318,1.16,3449.84,58,59.48,4267.11,1.24,2825,58,46,2.05,75.0
2024-02-18,Meta Ads,Display,EdTech,India,8671,156,0.018,1.46,227.76,7,32.54,1461.2,6.42,148,7,5,4.73,45.55
2024-04-06,Meta Ads,Video,Fintech,USA,95930,1554,0.0162,0.72,1118.88,62,18.05,5774.95,5.16,1476,62,49,4.2,22.83
2024-07-23,Google Ads,Display,E-commerce,Australia,73683,3757,0.051,3.32,12473.24,131,95.22,33721.52,2.7,3569,131,104,3.67,119.94
2024-07-17,Meta Ads,Shopping,SaaS,India,152932,6591,0.0431,1.25,8238.75,200,41.19,14211.23,1.72,6261,200,160,3.19,51.49
2024-03-01,TikTok Ads,Shopping,SaaS,UAE,125354,6179,0.0493,0.35,2162.65,259,8.35,9238.12,4.27,5870,259,207,4.41,10.45
2024-09-06,Google Ads,Shopping,E-commerce,Canada,193613,9157,0.0473,2.79,25548.03,458,55.78,127981.37,5.01,8699,458,366,5.26,69.8
2024-11-25,Google Ads,Display,EdTech,Australia,158138,2846,0.018,2.04,5805.84,143,40.6,22164.01,3.82,2703,143,114,5.29,50.93
2024-06-28,Google Ads,Video,Healthcare,UAE,134814,2804,0.0208,1.91,5355.64,195,27.46,46646.16,8.71,2663,195,156,7.32,34.33
2024-02-19,Google Ads,Search,E-commerce,Australia,102366,2589,0.0253,1.59,4116.51,148,27.81,35080.15,8.52,2459,148,118,6.02,34.89
2024-05-24,Meta Ads,Display,Healthcare,Canada,159044,2385,0.015,1.65,3935.25,184,21.39,35387.51,8.99,2265,184,147,8.12,26.77
2024-04-22,TikTok Ads,Shopping,EdTech,USA,35932,1440,0.0401,0.91,1310.4,68,19.27,16668.75,12.72,1368,68,54,4.97,24.27
2024-04-01,TikTok Ads,Display,EdTech,Australia,116561,4231,0.0363,1.0,4231.0,172,24.6,42291.58,10.0,4019,172,137,4.28,30.88
2024-07-07,Meta Ads,Shopping,Fintech,Australia,8608,100,0.0117,0.58,58.0,3,19.33,661.12,11.4,95,3,2,3.16,29.0
2024-08-19,Meta Ads,Search,E-commerce,UAE,19284,642,0.0333,1.57,1007.94,21,48.0,5907.29,5.86,609,21,16,3.45,63.0
2024-03-07,Meta Ads,Display,Fintech,India,161764,2652,0.0164,0.99,2625.48,76,34.55,16956.51,6.46,2519,76,60,3.02,43.76
2024-12-11,TikTok Ads,Video,Fintech,Germany,116045,6660,0.0574,0.35,2331.0,467,4.99,76092.65,32.64,6327,467,373,7.38,6.25
2024-06-06,Meta Ads,Shopping,E-commerce,UK,61395,2038,0.0332,2.36,4809.68,102,47.15,16290.15,3.39,1936,102,81,5.27,59.38
2024-04-02,Google Ads,Shopping,EdTech,UAE,119183,5041,0.0423,3.38,17038.58,121,140.81,25438.17,1.49,4788,121,96,2.53,177.49
2024-10-04,Meta Ads,Search,E-commerce,UAE,26747,1099,0.0411,1.14,1252.86,36,34.8,5626.79,4.49,1044,36,28,3.45,44.74
2024-12-16,Meta Ads,Display,EdTech,Germany,157898,3094,0.0196,2.39,7394.66,245,30.18,72430.36,9.79,2939,245,196,8.34,37.73
2024-06-27,Meta Ads,Search,Healthcare,USA,49456,801,0.0162,1.86,1489.86,50,29.8,4108.2,2.76,760,50,40,6.58,37.25
2024-02-17,Google Ads,Video,SaaS,Canada,150213,5242,0.0349,3.15,16512.3,332,49.74,64497.69,3.91,4979,332,265,6.67,62.31
2024-01-07,Google Ads,Shopping,EdTech,USA,73305,3635,0.0496,2.48,9014.8,47,191.8,2210.35,0.25,3453,47,37,1.36,243.64
2024-06-22,TikTok Ads,Display,Fintech,UK,187663,10790,0.0575,0.69,7445.1,121,61.53,18190.79,2.44,10250,121,96,1.18,77.55
2024-10-31,TikTok Ads,Display,Healthcare,USA,85066,5903,0.0694,1.3,7673.9,465,16.5,85397.14,11.13,5607,465,372,8.29,20.63
2024-02-05,Google Ads,Shopping,EdTech,USA,12045,255,0.0212,2.02,515.1,4,128.78,161.02,0.31,242,4,3,1.65,171.7
2024-05-08,Google Ads,Video,Fintech,UAE,77796,3703,0.0476,2.67,9887.01,182,54.32,43235.35,4.37,3517,182,145,5.17,68.19
2024-02-05,TikTok Ads,Shopping,Fintech,UK,90443,3789,0.0419,0.57,2159.73,94,22.98,16003.58,7.41,3599,94,75,2.61,28.8
2024-03-17,Meta Ads,Display,E-commerce,Canada,52838,660,0.0125,1.78,1174.8,14,83.91,2258.16,1.92,627,14,11,2.23,106.8
2024-06-13,Meta Ads,Video,E-commerce,Australia,61284,1574,0.0257,1.52,2392.48,32,74.77,3680.82,1.54,1495,32,25,2.14,95.7
2024-01-02,Meta Ads,Search,Healthcare,India,163624,4368,0.0267,1.28,5591.04,296,18.89,31041.33,5.55,4149,296,236,7.13,23.69
2024-06-08,Meta Ads,Display,Healthcare,UK,194674,3601,0.0185,1.45,5221.45,165,31.65,8945.17,1.71,3420,165,132,4.82,39.56
2024-09-17,Meta Ads,Search,Healthcare,India,15485,196,0.0127,1.54,301.84,8,37.73,362.78,1.2,186,8,6,4.3,50.31
2024-03-17,Google Ads,Search,Fintech,Germany,138154,9518,0.0689,2.22,21129.96,534,39.57,24562.44,1.16,9042,534,427,5.91,49.48
2024-05-29,TikTok Ads,Video,Fintech,USA,76922,2669,0.0347,1.32,3523.08,110,32.03,12940.72,3.67,2535,110,88,4.34,40.03
2024-08-12,Google Ads,Shopping,EdTech,Germany,13947,718,0.0515,1.56,1120.08,44,25.46,11863.61,10.59,682,44,35,6.45,32.0
2024-11-08,Google Ads,Display,EdTech,Germany,199164,6671,0.0335,3.19,21280.49,118,180.34,27461.46,1.29,6337,118,94,1.86,226.39
2024-09-21,Meta Ads,Shopping,E-commerce,Canada,138018,1683,0.0122,1.03,1733.49,56,30.96,8635.5,4.98,1598,56,44,3.5,39.4
2024-03-03,Meta Ads,Shopping,Fintech,UAE,161408,1581,0.0098,1.11,1754.91,51,34.41,6128.54,3.49,1501,51,40,3.4,43.87
2024-10-29,TikTok Ads,Shopping,E-commerce,Germany,130811,8895,0.068,0.32,2846.4,150,18.98,31192.02,10.96,8450,150,120,1.78,23.72
2024-06-27,Meta Ads,Display,EdTech,UAE,140460,2753,0.0196,0.51,1404.03,87,16.14,18763.62,13.36,2615,87,69,3.33,20.35
2024-03-21,Meta Ads,Shopping,EdTech,Canada,119731,2969,0.0248,0.56,1662.64,47,35.38,11619.48,6.99,2820,47,37,1.67,44.94
2024-10-12,Meta Ads,Search,E-commerce,USA,61437,1087,0.0177,2.23,2424.01,80,30.3,11780.01,4.86,1032,80,64,7.75,37.88
2024-08-29,Google Ads,Search,E-commerce,UAE,37827,2072,0.0548,0.81,1678.32,133,12.62,19268.21,11.48,1968,133,106,6.76,15.83
2024-06-24,Google Ads,Display,SaaS,Germany,180848,5515,0.0305,3.32,18309.8,362,50.58,84316.14,4.6,5239,362,289,6.91,63.36
2024-02-19,Google Ads,Video,Fintech,UAE,30545,1728,0.0566,1.73,2989.44,51,58.62,3408.09,1.14,1641,51,40,3.11,74.74
2024-07-26,TikTok Ads,Shopping,Fintech,UAE,21643,1142,0.0528,1.03,1176.26,81,14.52,18823.45,16.0,1084,81,64,7.47,18.38
2024-02-06,Meta Ads,Display,Healthcare,UK,58164,936,0.0161,0.88,823.68,13,63.36,1791.65,2.18,889,13,10,1.46,82.37
2024-04-09,Meta Ads,Shopping,Fintech,UAE,69102,1354,0.0196,1.61,2179.94,89,24.49,14410.72,6.61,1286,89,71,6.92,30.7
2024-08-01,TikTok Ads,Shopping,Fintech,UK,164852,6445,0.0391,1.64,10569.8,471,22.44,43233.91,4.09,6122,471,376,7.69,28.11
2024-10-24,Google Ads,Shopping,Fintech,India,149064,5724,0.0384,1.32,7555.68,369,20.48,107029.4,14.17,5437,369,295,6.79,25.61
2024-07-06,Meta Ads,Shopping,E-commerce,UK,80888,2070,0.0256,0.74,1531.8,71,21.57,19601.22,12.8,1966,71,56,3.61,27.35
2024-12-16,Meta Ads,Display,SaaS,USA,21471,753,0.0351,1.79,1347.87,28,48.14,7559.0,5.61,715,28,22,3.92,61.27
2024-05-05,Meta Ads,Shopping,Healthcare,India,160182,4901,0.0306,1.02,4999.02,88,56.81,22338.67,4.47,4655,88,70,1.89,71.41
2024-04-01,TikTok Ads,Display,EdTech,Canada,30226,1196,0.0396,1.46,1746.16,12,145.51,2625.21,1.5,1136,12,9,1.06,194.02
2024-07-12,Google Ads,Search,SaaS,Australia,146677,7597,0.0518,1.42,10787.74,186,58.0,35941.14,3.33,7217,186,148,2.58,72.89
2024-06-24,Meta Ads,Shopping,Healthcare,UAE,74859,1661,0.0222,1.35,2242.35,101,22.2,6046.11,2.7,1577,101,80,6.4,28.03
2024-05-02,Google Ads,Display,SaaS,Australia,127232,3867,0.0304,2.95,11407.65,177,64.45,6676.28,0.59,3673,177,141,4.82,80.91
2024-12-21,Google Ads,Video,SaaS,UK,83243,2821,0.0339,3.03,8547.63,181,47.22,43894.09,5.14,2679,181,144,6.76,59.36
2024-05-20,Meta Ads,Shopping,EdTech,UAE,85846,2274,0.0265,0.43,977.82,113,8.65,8382.57,8.57,2160,113,90,5.23,10.86
2024-02-03,TikTok Ads,Display,Healthcare,USA,150227,8683,0.0578,1.7,14761.1,315,46.86,86296.01,5.85,8248,315,252,3.82,58.58
2024-07-30,Google Ads,Display,Healthcare,Canada,50411,1320,0.0262,2.68,3537.6,49,72.2,12873.07,3.64,1254,49,39,3.91,90.71
2024-01-17,Google Ads,Shopping,Fintech,UK,100552,3861,0.0384,1.91,7374.51,57,129.38,14567.86,1.98,3667,57,45,1.55,163.88
2024-07-02,Google Ads,Display,Fintech,UAE,32428,603,0.0186,1.61,970.83,47,20.66,11645.06,11.99,572,47,37,8.22,26.24
2024-11-13,Google Ads,Search,Healthcare,USA,84517,1664,0.0197,2.4,3993.6,91,43.89,21828.0,5.47,1580,91,72,5.76,55.47
2024-03-21,Meta Ads,Shopping,EdTech,Germany,160091,4210,0.0263,1.07,4504.7,322,13.99,62914.38,13.97,3999,322,257,8.05,17.53
2024-06-23,Google Ads,Search,EdTech,UK,158778,7256,0.0457,1.5,10884.0,431,25.25,17905.23,1.65,6893,431,344,6.25,31.64
2024-04-16,Google Ads,Search,Healthcare,Germany,145284,8121,0.0559,2.66,21601.86,503,42.95,135453.16,6.27,7714,503,402,6.52,53.74
2024-02-04,Meta Ads,Shopping,E-commerce,Germany,82665,2521,0.0305,0.64,1613.44,182,8.87,48413.75,30.01,2394,182,145,7.6,11.13
2024-07-21,TikTok Ads,Shopping,Fintech,UK,157973,12227,0.0774,0.53,6480.31,540,12.0,99930.16,15.42,11615,540,432,4.65,15.0
2024-04-09,TikTok Ads,Display,Fintech,India,48898,3193,0.0653,0.89,2841.77,179,15.88,27594.33,9.71,3033,179,143,5.9,19.87
2024-03-08,Google Ads,Search,SaaS,USA,185923,7827,0.0421,3.68,28803.36,215,133.97,61106.18,2.12,7435,215,172,2.89,167.46
2024-08-20,TikTok Ads,Search,Healthcare,Canada,89688,6583,0.0734,0.34,2238.22,273,8.2,36559.47,16.33,6253,273,218,4.37,10.27
2024-08-15,TikTok Ads,Search,Fintech,Canada,15273,464,0.0304,0.77,357.28,24,14.89,871.3,2.44,440,24,19,5.45,18.8
2024-03-10,Google Ads,Shopping,SaaS,Australia,71107,2936,0.0413,2.67,7839.12,215,36.46,26952.54,3.44,2789,215,172,7.71,45.58
2024-06-30,Google Ads,Shopping,SaaS,UAE,79681,2916,0.0366,2.34,6823.44,184,37.08,46327.26,6.79,2770,184,147,6.64,46.42
2024-03-19,Meta Ads,Video,Healthcare,UK,102148,1205,0.0118,1.31,1578.55,59,26.76,17697.95,11.21,1144,59,47,5.16,33.59
2024-06-27,Meta Ads,Search,Fintech,UK,115540,1686,0.0146,1.58,2663.88,87,30.62,20354.07,7.64,1601,87,69,5.43,38.61
2024-06-13,Google Ads,Video,E-commerce,UAE,16766,846,0.0505,2.46,2081.16,34,61.21,7254.65,3.49,803,34,27,4.23,77.08
2024-02-07,Google Ads,Display,E-commerce,Germany,96931,5844,0.0603,1.12,6545.28,297,22.04,47765.4,7.3,5551,297,237,5.35,27.62
2024-01-10,Meta Ads,Search,SaaS,UK,175574,6935,0.0395,0.69,4785.15,515,9.29,69264.33,14.47,6588,515,412,7.82,11.61
2024-12-08,TikTok Ads,Shopping,EdTech,Australia,175330,8766,0.05,0.73,6399.18,302,21.19,35245.68,5.51,8327,302,241,3.63,26.55
2024-12-30,Google Ads,Shopping,E-commerce,UAE,45225,2211,0.0489,0.91,2012.01,156,12.9,38495.98,19.13,2100,156,124,7.43,16.23
2024-09-04,Meta Ads,Shopping,Fintech,India,79992,1055,0.0132,1.52,1603.6,21,76.36,4912.79,3.06,1002,21,16,2.1,100.22
2024-09-17,Meta Ads,Display,EdTech,Australia,23113,228,0.0099,0.6,136.8,17,8.05,2097.34,15.33,216,17,13,7.87,10.52
2024-07-31,Meta Ads,Search,EdTech,Germany,39754,1164,0.0293,1.35,1571.4,72,21.83,9221.61,5.87,1105,72,57,6.52,27.57
2024-08-16,Google Ads,Shopping,SaaS,UAE,89383,5631,0.063,3.67,20665.77,163,126.78,35918.24,1.74,5349,163,130,3.05,158.97
2024-02-08,TikTok Ads,Search,EdTech,USA,128900,10273,0.0797,0.84,8629.32,238,36.26,11417.91,1.32,9759,238,190,2.44,45.42
2024-08-18,Google Ads,Display,EdTech,Canada,179159,6593,0.0368,2.23,14702.39,459,32.03,76527.74,5.21,6263,459,367,7.33,40.06
2024-03-30,TikTok Ads,Display,SaaS,India,15739,1205,0.0766,0.46,554.3,60,9.24,6092.69,10.99,1144,60,48,5.24,11.55
2024-03-20,Meta Ads,Shopping,Fintech,Australia,25243,580,0.023,1.98,1148.4,13,88.34,3883.09,3.38,551,13,10,2.36,114.84
2024-06-07,TikTok Ads,Video,Fintech,Canada,196745,13240,0.0673,1.63,21581.2,761,28.36,195233.42,9.05,12578,761,608,6.05,35.5
2024-11-22,Meta Ads,Search,E-commerce,Germany,23186,512,0.0221,2.11,1080.32,26,41.55,2663.68,2.47,486,26,20,5.35,54.02
2024-10-26,Google Ads,Shopping,SaaS,USA,189480,6290,0.0332,3.55,22329.5,204,109.46,44620.04,2.0,5975,204,163,3.41,136.99
2024-11-11,Meta Ads,Video,Fintech,UK,112518,1597,0.0142,1.08,1724.76,105,16.43,25379.08,14.71,1517,105,84,6.92,20.53
2024-08-12,Google Ads,Video,E-commerce,USA,116789,6586,0.0564,2.69,17716.34,220,80.53,34309.56,1.94,6256,220,176,3.52,100.66
2024-04-26,TikTok Ads,Search,SaaS,Germany,42575,2188,0.0514,1.8,3938.4,63,62.51,13519.27,3.43,2078,63,50,3.03,78.77
2024-07-23,TikTok Ads,Video,Fintech,Canada,51557,2882,0.0559,1.25,3602.5,135,26.69,6028.08,1.67,2737,135,108,4.93,33.36
2024-01-06,Meta Ads,Video,Healthcare,Australia,131681,1725,0.0131,0.79,1362.75,108,12.62,31291.1,22.96,1638,108,86,6.59,15.85
2024-05-11,Google Ads,Search,SaaS,Canada,89833,4536,0.0505,3.74,16964.64,166,102.2,42497.44,2.51,4309,166,132,3.85,128.52
2024-12-09,Meta Ads,Shopping,Fintech,USA,116161,4379,0.0377,1.77,7750.83,264,29.36,18090.29,2.33,4160,264,211,6.35,36.73
2024-01-09,Google Ads,Search,SaaS,Australia,53544,1670,0.0312,1.41,2354.7,20,117.73,4659.21,1.98,1586,20,16,1.26,147.17
2024-12-13,Meta Ads,Shopping,Fintech,Canada,107126,3631,0.0339,1.08,3921.48,260,15.08,19151.86,4.88,3449,260,208,7.54,18.85
2024-10-29,Google Ads,Shopping,EdTech,USA,182395,8517,0.0467,3.45,29383.65,517,56.83,27133.78,0.92,8091,517,413,6.39,71.15
2024-10-15,Meta Ads,Video,SaaS,USA,39253,1122,0.0286,1.25,1402.5,81,17.31,15452.61,11.02,1065,81,64,7.61,21.91
2024-02-26,TikTok Ads,Search,E-commerce,Canada,109794,3886,0.0354,1.61,6256.46,73,85.7,9808.76,1.57,3691,73,58,1.98,107.87
2024-11-09,Google Ads,Video,E-commerce,UAE,27612,963,0.0349,3.3,3177.9,75,42.37,12575.02,3.96,914,75,60,8.21,52.96
2024-10-13,Meta Ads,Search,E-commerce,India,61994,1847,0.0298,0.8,1477.6,147,10.05,5622.21,3.8,1754,147,117,8.38,12.63
2024-10-05,Google Ads,Search,E-commerce,UAE,48953,2447,0.05,1.11,2716.17,144,18.86,17526.62,6.45,2324,144,115,6.2,23.62
2024-04-18,Google Ads,Search,E-commerce,Germany,13484,382,0.0284,1.34,511.88,23,22.26,1623.76,3.17,362,23,18,6.35,28.44
2024-11-16,TikTok Ads,Display,EdTech,UK,13255,709,0.0535,1.32,935.88,37,25.29,11059.11,11.82,673,37,29,5.5,32.27
2024-11-08,Meta Ads,Video,EdTech,Australia,162889,4658,0.0286,1.11,5170.38,332,15.57,57094.6,11.04,4425,332,265,7.5,19.51
2024-10-28,TikTok Ads,Shopping,Healthcare,UAE,21972,1915,0.0872,1.05,2010.75,36,55.85,2412.15,1.2,1819,36,28,1.98,71.81
2024-08-20,TikTok Ads,Shopping,SaaS,Canada,186136,13885,0.0746,0.95,13190.75,891,14.8,133397.7,10.11,13190,891,712,6.76,18.53
2024-04-28,Google Ads,Display,Healthcare,UAE,135171,5231,0.0387,1.78,9311.18,149,62.49,19918.92,2.14,4969,149,119,3.0,78.25
2024-03-27,Meta Ads,Search,Fintech,India,176656,2897,0.0164,1.87,5417.39,86,62.99,23130.95,4.27,2752,86,68,3.12,79.67
2024-02-06,Google Ads,Display,Healthcare,USA,51678,2966,0.0574,2.58,7652.28,192,39.86,21240.9,2.78,2817,192,153,6.82,50.01
2024-08-11,Meta Ads,Search,SaaS,Germany,26491,423,0.016,0.95,401.85,28,14.35,3219.77,8.01,401,28,22,6.98,18.27
2024-09-15,Meta Ads,Shopping,Healthcare,UK,174862,3846,0.022,0.45,1730.7,299,5.79,67036.78,38.73,3653,299,239,8.19,7.24
2024-10-13,Meta Ads,Video,E-commerce,Germany,77353,1895,0.0245,1.69,3202.55,73,43.87,9316.26,2.91,1800,73,58,4.06,55.22
2024-03-17,Meta Ads,Shopping,EdTech,UAE,108726,2968,0.0273,2.32,6885.76,49,140.53,2393.62,0.35,2819,49,39,1.74,176.56
2024-06-28,Google Ads,Search,Fintech,UK,196883,10119,0.0514,1.48,14976.12,636,23.55,121588.49,8.12,9613,636,508,6.62,29.48
2024-12-23,Google Ads,Search,EdTech,UAE,180627,8074,0.0447,1.58,12756.92,266,47.96,72041.28,5.65,7670,266,212,3.47,60.17
2024-02-25,Google Ads,Video,SaaS,India,85196,2572,0.0302,2.29,5889.88,34,173.23,8900.58,1.51,2443,34,27,1.39,218.14
2024-03-18,Google Ads,Video,E-commerce,Australia,74098,1911,0.0258,2.85,5446.35,91,59.85,9234.96,1.7,1815,91,72,5.01,75.64
2024-01-07,TikTok Ads,Search,Healthcare,UK,166711,13670,0.082,1.5,20505.0,592,34.64,43676.76,2.13,12986,592,473,4.56,43.35
2024-09-18,Google Ads,Video,Healthcare,UAE,141501,6452,0.0456,2.97,19162.44,193,99.29,47970.13,2.5,6129,193,154,3.15,124.43
2024-03-30,Google Ads,Video,Fintech,UAE,81303,4154,0.0511,1.95,8100.3,121,66.94,35667.19,4.4,3946,121,96,3.07,84.38
2024-01-13,TikTok Ads,Shopping,SaaS,India,83871,6382,0.0761,1.05,6701.1,196,34.19,31406.57,4.69,6062,196,156,3.23,42.96
2024-11-05,Meta Ads,Video,Healthcare,Germany,178013,1886,0.0106,1.14,2150.04,83,25.9,22320.49,10.38,1791,83,66,4.63,32.58
2024-09-10,Meta Ads,Search,EdTech,India,160341,2228,0.0139,0.86,1916.08,70,27.37,6302.54,3.29,2116,70,56,3.31,34.22
2024-06-15,Google Ads,Shopping,E-commerce,USA,138135,7721,0.0559,1.66,12816.86,112,114.44,4652.6,0.36,7334,112,89,1.53,144.01
2024-10-09,Meta Ads,Display,E-commerce,Germany,72500,1341,0.0185,1.55,2078.55,30,69.29,5770.13,2.78,1273,30,24,2.36,86.61
2024-01-28,TikTok Ads,Display,Healthcare,India,104626,9144,0.0874,1.1,10058.4,389,25.86,83739.39,8.33,8686,389,311,4.48,32.34
2024-11-04,Google Ads,Shopping,Fintech,India,70107,4045,0.0577,2.72,11002.4,203,54.2,22267.98,2.02,3842,203,162,5.28,67.92
2024-02-22,Meta Ads,Search,EdTech,USA,63952,1451,0.0227,2.24,3250.24,86,37.79,25126.44,7.73,1378,86,68,6.24,47.8
2024-04-05,Meta Ads,Shopping,E-commerce,UK,43148,979,0.0227,1.11,1086.69,71,15.31,7719.69,7.1,930,71,56,7.63,19.41
2024-03-06,Google Ads,Shopping,SaaS,UAE,193326,12334,0.0638,1.28,15787.52,715,22.08,196162.94,12.43,11717,715,572,6.1,27.6
2024-01-22,Meta Ads,Search,Fintech,USA,80507,2318,0.0288,0.71,1645.78,119,13.83,23887.12,14.51,2202,119,95,5.4,17.32
2024-01-27,Meta Ads,Search,Fintech,Canada,128556,4910,0.0382,0.88,4320.8,55,78.56,10684.27,2.47,4664,55,44,1.18,98.2
2024-08-10,Meta Ads,Search,Healthcare,UK,29055,912,0.0314,1.47,1340.64,41,32.7,6404.23,4.78,866,41,32,4.73,41.9
2024-04-03,Meta Ads,Video,SaaS,UAE,172517,3191,0.0185,1.81,5775.71,96,60.16,13225.69,2.29,3031,96,76,3.17,76.0
2024-01-18,Meta Ads,Video,Fintech,Canada,84712,1473,0.0174,2.27,3343.71,74,45.19,3310.43,0.99,1399,74,59,5.29,56.67
2024-12-02,Google Ads,Video,Fintech,India,115760,2558,0.0221,3.19,8160.02,164,49.76,37092.55,4.55,2430,164,131,6.75,62.29
2024-04-16,Google Ads,Search,Fintech,Germany,187831,7306,0.0389,1.37,10009.22,321,31.18,91963.37,9.19,6940,321,256,4.63,39.1
2024-01-18,Meta Ads,Video,Fintech,UK,72278,2421,0.0335,1.29,3123.09,26,120.12,5625.44,1.8,2299,26,20,1.13,156.15
2024-10-21,Google Ads,Search,EdTech,USA,121107,3148,0.026,2.39,7523.72,243,30.96,33241.31,4.42,2990,243,194,8.13,38.78
2024-08-19,Google Ads,Shopping,Fintech,India,112930,2427,0.0215,0.95,2305.65,53,43.5,10549.62,4.58,2305,53,42,2.3,54.9
2024-12-14,Google Ads,Video,SaaS,Canada,94767,4662,0.0492,2.9,13519.8,136,99.41,33757.52,2.5,4428,136,108,3.07,125.18
2024-10-28,TikTok Ads,Display,E-commerce,India,189933,13295,0.07,1.03,13693.85,284,48.22,45485.98,3.32,12630,284,227,2.25,60.33
2024-09-21,Meta Ads,Shopping,Fintech,Canada,17281,793,0.0459,1.18,935.74,46,20.34,12594.97,13.46,753,46,36,6.11,25.99
2024-03-11,Google Ads,Video,Fintech,UK,41388,964,0.0233,3.04,2930.56,72,40.7,19679.4,6.72,915,72,57,7.87,51.41
2024-11-09,Google Ads,Shopping,EdTech,USA,52083,2781,0.0534,2.64,7341.84,160,45.89,39686.47,5.41,2641,160,128,6.06,57.36
2024-12-02,Google Ads,Video,E-commerce,UAE,110109,2378,0.0216,3.19,7585.82,41,185.02,6931.99,0.91,2259,41,32,1.81,237.06
2024-07-26,TikTok Ads,Display,Fintech,Canada,73743,1991,0.027,1.77,3524.07,155,22.74,29721.14,8.43,1891,155,124,8.2,28.42
2024-07-28,Google Ads,Shopping,Healthcare,Australia,79189,4315,0.0545,0.92,3969.8,197,20.15,21995.7,5.54,4099,197,157,4.81,25.29
2024-12-13,Meta Ads,Search,Fintech,USA,179943,4174,0.0232,2.2,9182.8,289,31.77,32129.87,3.5,3965,289,231,7.29,39.75
2024-03-08,Google Ads,Search,E-commerce,Canada,22414,472,0.0211,2.51,1184.72,34,34.84,7160.99,6.04,448,34,27,7.59,43.88
2024-11-07,Meta Ads,Video,SaaS,Australia,107299,2585,0.0241,1.32,3412.2,110,31.02,23820.26,6.98,2455,110,88,4.48,38.78
2024-04-03,TikTok Ads,Shopping,SaaS,Australia,68815,3172,0.0461,0.79,2505.88,76,32.97,2602.57,1.04,3013,76,60,2.52,41.76
2024-10-24,Google Ads,Display,EdTech,Germany,164457,8321,0.0506,1.76,14644.96,610,24.01,27104.12,1.85,7904,610,488,7.72,30.01
2024-11-17,Google Ads,Display,E-commerce,India,105477,6391,0.0606,1.84,11759.44,116,101.37,17001.07,1.45,6071,116,92,1.91,127.82
2024-12-05,Google Ads,Video,Fintech,UK,160816,9745,0.0606,1.22,11888.9,553,21.5,62922.41,5.29,9257,553,442,5.97,26.9
2024-09-02,Google Ads,Display,Healthcare,UK,23904,609,0.0255,1.66,1010.94,35,28.88,7211.31,7.13,578,35,28,6.06,36.11
2024-12-30,Meta Ads,Display,SaaS,USA,60448,1493,0.0247,2.29,3418.97,89,38.42,24577.78,7.19,1418,89,71,6.28,48.15
2024-08-24,TikTok Ads,Video,Fintech,UAE,138332,9558,0.0691,0.35,3345.3,195,17.16,26087.06,7.8,9080,195,156,2.15,21.44
2024-03-12,Google Ads,Video,SaaS,India,112399,3585,0.0319,3.11,11149.35,91,122.52,20140.14,1.81,3405,91,72,2.67,154.85
2024-02-16,Google Ads,Video,E-commerce,Germany,180069,5780,0.0321,1.47,8496.6,272,31.24,74348.97,8.75,5491,272,217,4.95,39.15
2024-09-27,Meta Ads,Shopping,Fintech,USA,155354,3371,0.0217,1.27,4281.17,100,42.81,7916.95,1.85,3202,100,80,3.12,53.51
2024-05-15,Meta Ads,Shopping,Fintech,UAE,163564,1946,0.0119,0.66,1284.36,72,17.84,6787.22,5.28,1848,72,57,3.9,22.53
2024-01-11,TikTok Ads,Display,Fintech,UK,146587,5995,0.0409,1.52,9112.4,161,56.6,27684.26,3.04,5695,161,128,2.83,71.19
2024-03-29,Google Ads,Display,Healthcare,USA,79843,2427,0.0304,1.43,3470.61,127,27.33,27833.99,8.02,2305,127,101,5.51,34.36
2024-10-11,Meta Ads,Video,SaaS,Canada,128245,2949,0.023,1.59,4688.91,85,55.16,8616.72,1.84,2801,85,68,3.03,68.95
2024-09-26,Google Ads,Shopping,Fintech,Australia,161252,8046,0.0499,3.05,24540.3,550,44.62,130994.6,5.34,7643,550,440,7.2,55.77
2024-01-24,TikTok Ads,Shopping,SaaS,Germany,107262,5127,0.0478,1.24,6357.48,343,18.53,93405.13,14.69,4870,343,274,7.04,23.2
2024-05-24,Meta Ads,Video,SaaS,Germany,22139,458,0.0207,0.43,196.94,8,24.62,2367.39,12.02,435,8,6,1.84,32.82
2024-04-17,Meta Ads,Shopping,SaaS,India,30618,719,0.0235,1.27,913.13,40,22.83,6289.61,6.89,683,40,32,5.86,28.54
2024-12-12,Google Ads,Search,Healthcare,Canada,78606,3914,0.0498,1.23,4814.22,88,54.71,6101.96,1.27,3718,88,70,2.37,68.77
2024-02-22,Google Ads,Display,SaaS,Germany,31885,1613,0.0506,1.01,1629.13,67,24.32,19023.45,11.68,1532,67,53,4.37,30.74
2024-08-18,TikTok Ads,Shopping,EdTech,Canada,11713,334,0.0286,1.46,487.64,13,37.51,2344.33,4.81,317,13,10,4.1,48.76
2024-04-04,Meta Ads,Shopping,E-commerce,UK,26637,479,0.018,0.83,397.57,35,11.36,1488.52,3.74,455,35,28,7.69,14.2
2024-07-30,Google Ads,Display,EdTech,India,44387,1886,0.0425,2.81,5299.66,112,47.32,16115.2,3.04,1791,112,89,6.25,59.55
2024-01-03,Meta Ads,Search,E-commerce,UK,91392,2705,0.0296,2.04,5518.2,87,63.43,12147.08,2.2,2569,87,69,3.39,79.97
2024-09-24,TikTok Ads,Search,EdTech,UK,31727,2233,0.0704,0.46,1027.18,74,13.88,9946.57,9.68,2121,74,59,3.49,17.41
2024-08-23,Meta Ads,Shopping,SaaS,Germany,154676,1624,0.0105,1.69,2744.56,26,105.56,1813.36,0.66,1542,26,20,1.69,137.23
2024-08-14,Meta Ads,Shopping,E-commerce,UK,122710,5129,0.0418,1.02,5231.58,157,33.32,24344.87,4.65,4872,157,125,3.22,41.85
2024-12-22,TikTok Ads,Search,EdTech,Canada,194117,16422,0.0846,1.33,21841.26,1133,19.28,121361.12,5.56,15600,1133,906,7.26,24.11
2024-02-03,TikTok Ads,Shopping,Healthcare,Australia,23043,1534,0.0666,1.36,2086.24,119,17.53,6284.67,3.01,1457,119,95,8.17,21.96
2024-02-23,Google Ads,Search,Fintech,USA,21198,703,0.0332,1.96,1377.88,28,49.21,6226.83,4.52,667,28,22,4.2,62.63
2024-06-20,Meta Ads,Display,Healthcare,India,132208,3133,0.0237,1.57,4918.81,183,26.88,53669.78,10.91,2976,183,146,6.15,33.69
2024-02-16,Meta Ads,Shopping,Fintech,India,19040,784,0.0412,1.93,1513.12,39,38.8,5591.9,3.7,744,39,31,5.24,48.81
2024-03-15,Google Ads,Display,Healthcare,India,157270,5535,0.0352,1.0,5535.0,356,15.55,86412.59,15.61,5258,356,284,6.77,19.49
2024-01-07,Google Ads,Video,E-commerce,UK,33433,1698,0.0508,2.93,4975.14,60,82.92,4216.81,0.85,1613,60,48,3.72,103.65
2024-03-27,Meta Ads,Video,Fintech,Germany,94786,2682,0.0283,1.5,4023.0,155,25.95,6510.51,1.62,2547,155,124,6.09,32.44
2024-04-25,Meta Ads,Display,E-commerce,Australia,144895,2158,0.0149,1.92,4143.36,151,27.44,25541.81,6.16,2050,151,120,7.37,34.53
2024-12-10,Meta Ads,Display,Fintech,Germany,57996,1705,0.0294,2.04,3478.2,127,27.39,26935.06,7.74,1619,127,101,7.84,34.44
2024-09-02,Google Ads,Shopping,Healthcare,Canada,154631,4793,0.031,3.14,15050.02,155,97.1,15403.3,1.02,4553,155,124,3.4,121.37
2024-02-28,Meta Ads,Video,SaaS,Germany,56209,1405,0.025,2.39,3357.95,94,35.72,20195.05,6.01,1334,94,75,7.05,44.77
2024-07-06,TikTok Ads,Video,SaaS,Canada,187411,15667,0.0836,0.43,6736.81,996,6.76,51799.95,7.69,14883,996,796,6.69,8.46
2024-09-10,Google Ads,Video,Fintech,India,46583,2319,0.0498,2.76,6400.44,50,128.01,11413.39,1.78,2203,50,40,2.27,160.01
2024-03-09,Meta Ads,Display,E-commerce,Canada,17438,371,0.0213,1.63,604.73,19,31.83,902.7,1.49,352,19,15,5.4,40.32
2024-03-11,Google Ads,Video,SaaS,UAE,122784,6237,0.0508,2.69,16777.53,134,125.21,15407.61,0.92,5925,134,107,2.26,156.8
2024-09-08,Meta Ads,Shopping,EdTech,Germany,151730,2063,0.0136,0.74,1526.62,32,47.71,6146.93,4.03,1959,32,25,1.63,61.06
2024-08-20,Google Ads,Search,Fintech,India,83498,3531,0.0423,1.03,3636.93,234,15.54,36561.1,10.05,3354,234,187,6.98,19.45
2024-10-21,TikTok Ads,Shopping,Fintech,UK,194060,11721,0.0604,1.73,20277.33,504,40.23,76238.77,3.76,11134,504,403,4.53,50.32
2024-03-17,Google Ads,Shopping,E-commerce,Germany,30118,951,0.0316,3.28,3119.28,30,103.98,2408.76,0.77,903,30,24,3.32,129.97
2024-03-05,Meta Ads,Search,Healthcare,USA,88904,1724,0.0194,1.0,1724.0,59,29.22,8894.16,5.16,1637,59,47,3.6,36.68
2024-12-18,Google Ads,Display,Healthcare,Australia,119911,4592,0.0383,2.83,12995.36,163,79.73,24856.01,1.91,4362,163,130,3.74,99.96
2024-05-22,Meta Ads,Search,EdTech,UK,184702,5134,0.0278,2.01,10319.34,70,147.42,16883.49,1.64,4877,70,56,1.44,184.27
2024-04-11,Meta Ads,Video,Fintech,USA,5209,198,0.0381,0.7,138.6,3,46.2,490.6,3.54,188,3,2,1.6,69.3
2024-06-19,Meta Ads,Display,E-commerce,India,88717,816,0.0092,1.87,1525.92,46,33.17,4879.02,3.2,775,46,36,5.94,42.39
2024-08-06,Google Ads,Shopping,E-commerce,India,146788,6003,0.0409,2.42,14527.26,476,30.52,104420.05,7.19,5702,476,380,8.35,38.23
2024-01-30,Google Ads,Video,SaaS,Australia,89052,2591,0.0291,3.66,9483.06,190,49.91,12653.72,1.33,2461,190,152,7.72,62.39
2024-10-29,Google Ads,Shopping,E-commerce,Germany,46971,2437,0.0519,2.04,4971.48,141,35.26,14817.7,2.98,2315,141,112,6.09,44.39
2024-09-26,Meta Ads,Shopping,E-commerce,UK,185419,7750,0.0418,1.38,10695.0,400,26.74,13470.33,1.26,7362,400,320,5.43,33.42
2024-06-27,Google Ads,Display,EdTech,UAE,36391,1684,0.0463,3.59,6045.56,18,335.86,4868.51,0.81,1599,18,14,1.13,431.83
2024-04-03,Google Ads,Display,EdTech,India,169575,3730,0.022,2.71,10108.3,284,35.59,8952.89,0.89,3543,284,227,8.02,44.53
2024-07-24,Google Ads,Video,E-commerce,UK,146656,5719,0.039,1.75,10008.25,357,28.03,62250.35,6.22,5433,357,285,6.57,35.12
2024-05-25,Google Ads,Display,Fintech,Germany,116972,6269,0.0536,2.83,17741.27,83,213.75,8852.61,0.5,5955,83,66,1.39,268.81
2024-11-17,Meta Ads,Search,SaaS,Canada,45664,516,0.0113,1.67,861.72,34,25.34,7132.56,8.28,490,34,27,6.94,31.92
2024-12-15,Meta Ads,Shopping,SaaS,UK,125759,2804,0.0223,1.75,4907.0,164,29.92,46752.65,9.53,2663,164,131,6.16,37.46
2024-03-24,Google Ads,Shopping,EdTech,UAE,26529,1106,0.0417,1.78,1968.68,78,25.24,2995.39,1.52,1050,78,62,7.43,31.75
2024-12-13,TikTok Ads,Shopping,EdTech,India,114863,5766,0.0502,1.63,9398.58,89,105.6,22499.92,2.39,5477,89,71,1.62,132.37
2024-10-24,Meta Ads,Display,Healthcare,USA,171353,5534,0.0323,1.86,10293.24,221,46.58,52725.19,5.12,5257,221,176,4.2,58.48
2024-12-22,Meta Ads,Shopping,EdTech,UK,49522,1554,0.0314,1.71,2657.34,23,115.54,1909.73,0.72,1476,23,18,1.56,147.63
2024-05-03,Google Ads,Search,Healthcare,India,136135,7936,0.0583,1.36,10792.96,406,26.58,40442.85,3.75,7539,406,324,5.39,33.31
2024-05-11,Meta Ads,Video,Healthcare,UK,172108,6109,0.0355,2.28,13928.52,435,32.02,13163.33,0.95,5803,435,348,7.5,40.02
2024-10-24,TikTok Ads,Video,EdTech,India,193151,12168,0.063,1.13,13749.84,612,22.47,109401.0,7.96,11559,612,489,5.29,28.12
2024-06-21,TikTok Ads,Display,EdTech,Canada,102519,4285,0.0418,1.2,5142.0,137,37.53,26733.75,5.2,4070,137,109,3.37,47.17
2024-09-06,Google Ads,Shopping,Healthcare,Germany,36092,1050,0.0291,3.68,3864.0,34,113.65,1685.69,0.44,997,34,27,3.41,143.11
2024-09-01,TikTok Ads,Video,EdTech,Australia,6628,261,0.0395,1.28,334.08,11,30.37,2224.48,6.66,247,11,8,4.45,41.76
2024-03-23,Meta Ads,Video,SaaS,UK,28593,694,0.0243,1.58,1096.52,7,156.65,2098.0,1.91,659,7,5,1.06,219.3
2024-06-03,Meta Ads,Search,EdTech,Germany,186845,4204,0.0225,1.81,7609.24,275,27.67,24004.25,3.15,3993,275,220,6.89,34.59
2024-08-14,Meta Ads,Search,Fintech,USA,25930,609,0.0235,0.55,334.95,7,47.85,509.29,1.52,578,7,5,1.21,66.99
2024-10-26,Google Ads,Display,Fintech,UAE,114914,3803,0.0331,2.69,10230.07,224,45.67,67007.76,6.55,3612,224,179,6.2,57.15
2024-09-27,Google Ads,Display,EdTech,Australia,34652,866,0.025,1.57,1359.62,43,31.62,2728.57,2.01,822,43,34,5.23,39.99
2024-02-21,Google Ads,Display,EdTech,India,136585,5668,0.0415,2.89,16380.52,120,136.5,20065.19,1.22,5384,120,96,2.23,170.63
2024-11-23,Google Ads,Display,Healthcare,Canada,192822,6228,0.0323,3.35,20863.8,87,239.81,18207.05,0.87,5916,87,69,1.47,302.37
2024-12-30,Google Ads,Search,Healthcare,UK,63738,1306,0.0205,0.93,1214.58,87,13.96,16951.52,13.96,1240,87,69,7.02,17.6
2024-02-28,Google Ads,Search,Fintech,India,28267,1769,0.0626,2.59,4581.71,33,138.84,1968.12,0.43,1680,33,26,1.96,176.22
2024-04-04,Meta Ads,Display,Fintech,Australia,42606,1495,0.0351,0.77,1151.15,96,11.99,14890.27,12.94,1420,96,76,6.76,15.15
2024-01-22,TikTok Ads,Display,Healthcare,Canada,120409,8356,0.0694,0.96,8021.76,663,12.1,50787.7,6.33,7938,663,530,8.35,15.14
2024-05-04,TikTok Ads,Display,EdTech,Germany,120210,6455,0.0537,1.78,11489.9,289,39.76,23286.47,2.03,6132,289,231,4.71,49.74
2024-08-07,Meta Ads,Search,Healthcare,UAE,96360,3247,0.0337,0.43,1396.21,211,6.62,50567.51,36.22,3084,211,168,6.84,8.31
2024-04-22,TikTok Ads,Shopping,EdTech,Canada,186006,9002,0.0484,1.52,13683.04,266,51.44,31194.26,2.28,8551,266,212,3.11,64.54
2024-10-14,Google Ads,Shopping,E-commerce,Germany,34036,2086,0.0613,3.45,7196.7,110,65.42,21503.08,2.99,1981,110,88,5.55,81.78
2024-02-10,TikTok Ads,Shopping,SaaS,USA,116709,6640,0.0569,1.97,13080.8,304,43.03,83458.18,6.38,6308,304,243,4.82,53.83
2024-06-05,Meta Ads,Shopping,EdTech,UK,98276,2368,0.0241,1.41,3338.88,115,29.03,21637.86,6.48,2249,115,92,5.11,36.29
2024-09-19,Google Ads,Shopping,EdTech,UK,162353,3977,0.0245,1.45,5766.65,57,101.17,15175.48,2.63,3778,57,45,1.51,128.15
2024-12-05,Meta Ads,Search,SaaS,UK,129790,5697,0.0439,0.52,2962.44,223,13.28,58627.34,19.79,5412,223,178,4.12,16.64
2024-12-18,Google Ads,Video,Healthcare,India,184982,4772,0.0258,3.08,14697.76,141,104.24,26098.46,1.78,4533,141,112,3.11,131.23
2024-08-16,Google Ads,Search,Fintech,UK,166673,4733,0.0284,0.84,3975.72,336,11.83,98987.51,24.9,4496,336,268,7.47,14.83
2024-06-05,Google Ads,Video,EdTech,UAE,109148,3951,0.0362,1.79,7072.29,249,28.4,56329.34,7.96,3753,249,199,6.63,35.54
2024-12-26,Google Ads,Video,EdTech,USA,173700,7208,0.0415,2.29,16506.32,178,92.73,32171.36,1.95,6847,178,142,2.6,116.24
2024-04-27,Meta Ads,Video,EdTech,UAE,173001,3477,0.0201,0.95,3303.15,51,64.77,11186.61,3.39,3303,51,40,1.54,82.58
2024-01-29,Meta Ads,Search,Fintech,UK,56534,1079,0.0191,0.6,647.4,27,23.98,4508.39,6.96,1025,27,21,2.63,30.83
2024-12-15,Google Ads,Search,Healthcare,Australia,58520,3604,0.0616,1.48,5333.92,265,20.13,78186.23,14.66,3423,265,212,7.74,25.16
2024-09-10,Google Ads,Video,Healthcare,Canada,111071,2865,0.0258,2.83,8107.95,39,207.9,8971.28,1.11,2721,39,31,1.43,261.55
2024-04-08,Google Ads,Shopping,SaaS,India,153750,4920,0.032,2.98,14661.6,117,125.31,30000.6,2.05,4674,117,93,2.5,157.65
2024-05-02,Meta Ads,Display,SaaS,USA,108717,1435,0.0132,1.75,2511.25,108,23.25,22074.54,8.79,1363,108,86,7.92,29.2
2024-06-13,Google Ads,Shopping,E-commerce,India,141455,2673,0.0189,2.82,7537.86,122,61.79,19810.32,2.63,2539,122,97,4.81,77.71
2024-12-04,Meta Ads,Search,Healthcare,USA,158742,5778,0.0364,2.17,12538.26,388,32.32,68610.11,5.47,5489,388,310,7.07,40.45
2024-04-26,Meta Ads,Search,E-commerce,Germany,26845,528,0.0197,2.08,1098.24,11,99.84,1590.52,1.45,501,11,8,2.2,137.28
2024-10-05,Google Ads,Video,Fintech,USA,92332,5336,0.0578,0.94,5015.84,213,23.55,39347.29,7.84,5069,213,170,4.2,29.5
2024-09-05,Google Ads,Search,E-commerce,India,90953,4365,0.048,3.04,13269.6,73,181.78,19836.75,1.49,4146,73,58,1.76,228.79
2024-09-26,Meta Ads,Shopping,SaaS,Canada,15047,368,0.0245,1.06,390.08,27,14.45,6244.19,16.01,349,27,21,7.74,18.58
2024-04-12,Google Ads,Search,Healthcare,UAE,57632,1256,0.0218,1.75,2198.0,20,109.9,1647.61,0.75,1193,20,16,1.68,137.38
2024-10-28,TikTok Ads,Shopping,EdTech,UAE,193568,12659,0.0654,1.24,15697.16,366,42.89,17585.84,1.12,12026,366,292,3.04,53.76
2024-05-21,Google Ads,Video,SaaS,Germany,30343,743,0.0245,3.05,2266.15,39,58.11,7450.31,3.29,705,39,31,5.53,73.1
2024-08-23,Meta Ads,Display,SaaS,Germany,6903,225,0.0326,1.92,432.0,7,61.71,513.46,1.19,213,7,5,3.29,86.4
2024-02-18,TikTok Ads,Display,SaaS,USA,194291,9248,0.0476,1.08,9987.84,669,14.93,34771.85,3.48,8785,669,535,7.62,18.67
2024-08-09,Meta Ads,Shopping,Healthcare,India,25704,616,0.024,1.0,616.0,18,34.22,2381.36,3.87,585,18,14,3.08,44.0
2024-05-31,Google Ads,Display,Healthcare,Germany,18696,327,0.0175,2.61,853.47,8,106.68,1284.99,1.51,310,8,6,2.58,142.24
2024-02-16,Meta Ads,Video,EdTech,UK,165408,1670,0.0101,1.3,2171.0,80,27.14,9561.0,4.4,1586,80,64,5.04,33.92
2024-04-14,Google Ads,Search,E-commerce,Australia,191372,11711,0.0612,2.48,29043.28,335,86.7,75028.42,2.58,11125,335,268,3.01,108.37
2024-09-06,Meta Ads,Display,EdTech,USA,71247,1888,0.0265,0.47,887.36,57,15.57,9045.86,10.19,1793,57,45,3.18,19.72
2024-04-11,TikTok Ads,Search,Fintech,UAE,132294,7527,0.0569,0.9,6774.3,262,25.86,50030.33,7.39,7150,262,209,3.66,32.41
2024-12-29,TikTok Ads,Display,E-commerce,Germany,66086,3317,0.0502,0.33,1094.61,206,5.31,51119.73,46.7,3151,206,164,6.54,6.67
2024-12-23,Google Ads,Search,Healthcare,UK,186232,9292,0.0499,2.4,22300.8,265,84.15,67766.02,3.04,8827,265,212,3.0,105.19
2024-11-01,TikTok Ads,Shopping,Healthcare,India,145225,5562,0.0383,0.84,4672.08,378,12.36,102053.93,21.84,5283,378,302,7.16,15.47
2024-05-27,Google Ads,Search,SaaS,Germany,15470,529,0.0342,1.2,634.8,5,126.96,1223.76,1.93,502,5,4,1.0,158.7
2024-04-05,Google Ads,Display,Healthcare,Australia,91814,2607,0.0284,2.48,6465.36,129,50.12,25405.84,3.93,2476,129,103,5.21,62.77
2024-03-24,Google Ads,Display,EdTech,Australia,96087,3238,0.0337,3.04,9843.52,45,218.74,7783.0,0.79,3076,45,36,1.46,273.43
2024-03-12,Google Ads,Shopping,Fintech,Germany,92943,5037,0.0542,2.26,11383.62,232,49.07,64994.16,5.71,4785,232,185,4.85,61.53
2024-04-10,Meta Ads,Display,SaaS,India,36411,873,0.024,2.03,1772.19,47,37.71,13565.96,7.65,829,47,37,5.67,47.9
2024-08-17,Meta Ads,Video,EdTech,USA,145170,4688,0.0323,1.75,8204.0,106,77.4,30413.14,3.71,4453,106,84,2.38,97.67
2024-03-25,Google Ads,Video,E-commerce,Germany,146428,2796,0.0191,2.24,6263.04,164,38.19,33829.22,5.4,2656,164,131,6.17,47.81
2024-08-28,Google Ads,Search,Fintech,Germany,151772,6237,0.0411,1.02,6361.74,302,21.07,77929.21,12.25,5925,302,241,5.1,26.4
2024-01-19,TikTok Ads,Search,E-commerce,USA,179561,8600,0.0479,1.44,12384.0,212,58.42,34386.07,2.78,8170,212,169,2.59,73.28
2024-09-11,Google Ads,Search,EdTech,UAE,100381,5691,0.0567,0.83,4723.53,321,14.72,58283.85,12.34,5406,321,256,5.94,18.45
2024-12-23,TikTok Ads,Display,E-commerce,India,180552,6030,0.0334,1.7,10251.0,383,26.77,23539.41,2.3,5728,383,306,6.69,33.5
2024-07-03,TikTok Ads,Display,EdTech,USA,163328,4981,0.0305,1.21,6027.01,142,42.44,21158.33,3.51,4731,142,113,3.0,53.34
2024-06-03,TikTok Ads,Display,EdTech,USA,93635,4363,0.0466,1.36,5933.68,117,50.72,29999.39,5.06,4144,117,93,2.82,63.8
2024-12-29,Google Ads,Display,SaaS,UAE,133526,4633,0.0347,3.07,14223.31,340,41.83,62193.85,4.37,4401,340,272,7.73,52.29
2024-02-06,TikTok Ads,Video,E-commerce,Canada,48475,3160,0.0652,0.76,2401.6,124,19.37,19990.89,8.32,3002,124,99,4.13,24.26
2024-11-13,TikTok Ads,Video,Fintech,India,195722,12624,0.0645,2.01,25374.24,755,33.61,129016.77,5.08,11992,755,604,6.3,42.01
2024-05-04,Google Ads,Search,Healthcare,UK,106277,6961,0.0655,2.96,20604.56,180,114.47,42397.44,2.06,6612,180,144,2.72,143.09
2024-01-22,Google Ads,Shopping,Fintech,Australia,153953,5095,0.0331,2.86,14571.7,110,132.47,30634.7,2.1,4840,110,88,2.27,165.59
2024-09-07,Meta Ads,Video,Healthcare,Germany,142135,2387,0.0168,1.92,4583.04,98,46.77,25385.35,5.54,2267,98,78,4.32,58.76
2024-11-25,Google Ads,Shopping,EdTech,Canada,107891,3733,0.0346,2.31,8623.23,148,58.27,15202.91,1.76,3546,148,118,4.17,73.08
2024-03-20,TikTok Ads,Video,SaaS,USA,191380,8171,0.0427,0.5,4085.5,572,7.14,155778.92,38.13,7762,572,457,7.37,8.94
2024-08-11,Meta Ads,Search,Healthcare,UK,123372,3355,0.0272,2.3,7716.5,224,34.45,57352.38,7.43,3187,224,179,7.03,43.11
2024-12-24,Google Ads,Search,E-commerce,UAE,104464,4314,0.0413,2.26,9749.64,82,118.9,10226.11,1.05,4098,82,65,2.0,149.99
2024-06-03,Google Ads,Video,SaaS,UK,113502,2235,0.0197,1.21,2704.35,34,79.54,6126.9,2.27,2123,34,27,1.6,100.16
2024-09-09,Google Ads,Shopping,Healthcare,Australia,95196,3170,0.0333,1.05,3328.5,170,19.58,13047.52,3.92,3011,170,136,5.65,24.47
2024-01-27,Google Ads,Display,Healthcare,UK,86362,2547,0.0295,1.41,3591.27,164,21.9,33307.3,9.27,2419,164,131,6.78,27.41
2024-06-28,Google Ads,Search,E-commerce,USA,78532,4735,0.0603,2.82,13352.7,310,43.07,45765.16,3.43,4498,310,248,6.89,53.84
2024-03-19,Google Ads,Shopping,Healthcare,Canada,184081,5135,0.0279,2.18,11194.3,96,116.61,24545.05,2.19,4878,96,76,1.97,147.29
2024-01-28,Meta Ads,Display,Healthcare,Canada,93966,2104,0.0224,0.97,2040.88,157,13.0,6975.9,3.42,1998,157,125,7.86,16.33
2024-07-23,Google Ads,Video,SaaS,UAE,28667,1338,0.0467,2.9,3880.2,24,161.67,3421.56,0.88,1271,24,19,1.89,204.22
2024-01-21,Google Ads,Display,Healthcare,Australia,154239,7465,0.0484,3.2,23888.0,484,49.36,25632.04,1.07,7091,484,387,6.83,61.73
2024-04-05,Meta Ads,Video,Fintech,UAE,103576,1263,0.0122,0.47,593.61,22,26.98,5190.25,8.74,1199,22,17,1.83,34.92
2024-09-25,TikTok Ads,Video,EdTech,India,111154,5124,0.0461,0.89,4560.36,368,12.39,82164.4,18.02,4867,368,294,7.56,15.51
2024-10-28,Google Ads,Search,E-commerce,USA,104456,6403,0.0613,2.11,13510.33,440,30.71,111130.68,8.23,6082,440,352,7.23,38.38
2024-10-12,Meta Ads,Display,SaaS,UAE,173307,3292,0.019,1.03,3390.76,74,45.82,21574.44,6.36,3127,74,59,2.37,57.47
2024-03-10,Google Ads,Display,Fintech,Australia,197459,5667,0.0287,3.56,20174.52,105,192.14,17723.39,0.88,5383,105,84,1.95,240.17
2024-09-01,TikTok Ads,Video,EdTech,UK,154676,5970,0.0386,1.09,6507.3,107,60.82,14099.39,2.17,5671,107,85,1.89,76.56
2024-04-24,Meta Ads,Video,Fintech,India,138528,3698,0.0267,2.27,8394.46,264,31.8,34788.99,4.14,3513,264,211,7.51,39.78
2024-08-01,Google Ads,Display,SaaS,Canada,188490,6879,0.0365,2.84,19536.36,279,70.02,18268.77,0.94,6535,279,223,4.27,87.61
2024-09-21,TikTok Ads,Display,SaaS,USA,155929,6408,0.0411,0.97,6215.76,481,12.92,51123.92,8.22,6087,481,384,7.9,16.19
2024-05-31,Google Ads,Display,EdTech,Canada,177220,4607,0.026,2.32,10688.24,114,93.76,9297.03,0.87,4376,114,91,2.61,117.45
2024-10-10,Meta Ads,Video,E-commerce,Canada,188552,6373,0.0338,0.65,4142.45,129,32.11,8973.49,2.17,6054,129,103,2.13,40.22
2024-09-15,Google Ads,Video,E-commerce,Canada,136460,4462,0.0327,0.88,3926.56,322,12.19,59937.98,15.26,4238,322,257,7.6,15.28
2024-10-07,TikTok Ads,Display,Healthcare,Canada,124614,4573,0.0367,0.29,1326.17,240,5.53,46988.2,35.43,4344,240,192,5.52,6.91
2024-04-15,Meta Ads,Video,SaaS,India,28359,612,0.0216,0.75,459.0,30,15.3,6591.07,14.36,581,30,24,5.16,19.12
2024-06-28,Meta Ads,Search,E-commerce,USA,81759,1316,0.0161,0.9,1184.4,46,25.75,6171.89,5.21,1250,46,36,3.68,32.9
2024-04-05,Meta Ads,Video,E-commerce,Germany,131230,2139,0.0163,2.23,4769.97,105,45.43,24738.73,5.19,2032,105,84,5.17,56.79
2024-06-01,TikTok Ads,Search,E-commerce,Canada,49659,2413,0.0486,1.45,3498.85,191,18.32,38157.72,10.91,2292,191,152,8.33,23.02
2024-02-07,TikTok Ads,Display,Fintech,Germany,103029,6830,0.0663,0.52,3551.6,148,24.0,14545.74,4.1,6488,148,118,2.28,30.1
2024-06-01,TikTok Ads,Shopping,Healthcare,Canada,52368,3351,0.064,0.61,2044.11,117,17.47,12829.28,6.28,3183,117,93,3.68,21.98
2024-06-15,TikTok Ads,Video,EdTech,Canada,144585,8357,0.0578,0.52,4345.64,412,10.55,78373.31,18.03,7939,412,329,5.19,13.21
2024-03-22,TikTok Ads,Shopping,Fintech,UK,40308,3853,0.0956,1.09,4199.77,291,14.43,33059.93,7.87,3660,291,232,7.95,18.1
2024-08-08,TikTok Ads,Search,E-commerce,Germany,43635,2469,0.0566,1.21,2987.49,133,22.46,19667.27,6.58,2345,133,106,5.67,28.18
2024-08-08,Meta Ads,Search,EdTech,India,164074,6152,0.0375,0.95,5844.4,360,16.23,47241.24,8.08,5844,360,288,6.16,20.29
2024-08-13,Meta Ads,Shopping,Healthcare,Canada,107300,2693,0.0251,0.57,1535.01,153,10.03,18121.16,11.81,2558,153,122,5.98,12.58
2024-11-04,Meta Ads,Display,EdTech,India,177443,4400,0.0248,2.17,9548.0,231,41.33,43094.26,4.51,4180,231,184,5.53,51.89
2024-04-20,TikTok Ads,Shopping,EdTech,UAE,141268,7402,0.0524,1.24,9178.48,335,27.4,31326.97,3.41,7031,335,268,4.76,34.25
2024-05-26,TikTok Ads,Display,EdTech,Germany,145631,4194,0.0288,0.84,3522.96,59,59.71,15427.34,4.38,3984,59,47,1.48,74.96
2024-11-22,TikTok Ads,Search,EdTech,Canada,191041,7393,0.0387,0.53,3918.29,446,8.79,15789.02,4.03,7023,446,356,6.35,11.01
2024-11-13,TikTok Ads,Video,Healthcare,UK,72145,3058,0.0424,0.77,2354.66,78,30.19,7543.67,3.2,2905,78,62,2.69,37.98
2024-03-04,Meta Ads,Video,SaaS,UAE,113447,1826,0.0161,1.73,3158.98,24,131.62,4477.79,1.42,1734,24,19,1.38,166.26
2024-12-12,TikTok Ads,Search,Healthcare,India,195512,8328,0.0426,1.63,13574.64,198,68.56,14486.58,1.07,7911,198,158,2.5,85.92
2024-06-19,Meta Ads,Search,SaaS,USA,149446,6456,0.0432,2.19,14138.64,397,35.61,118768.88,8.4,6133,397,317,6.47,44.6
2024-09-03,TikTok Ads,Video,SaaS,Germany,154307,9212,0.0597,1.3,11975.6,700,17.11,61706.24,5.15,8751,700,560,8.0,21.38
2024-11-26,Meta Ads,Display,Healthcare,India,149675,3143,0.021,1.55,4871.65,147,33.14,33184.47,6.81,2985,147,117,4.92,41.64
2024-04-05,TikTok Ads,Shopping,Healthcare,UAE,184065,6350,0.0345,1.34,8509.0,273,31.17,39093.51,4.59,6032,273,218,4.53,39.03
2024-10-04,TikTok Ads,Search,EdTech,Germany,64484,2966,0.046,1.25,3707.5,227,16.33,27232.61,7.35,2817,227,181,8.06,20.48
2024-07-28,Meta Ads,Video,EdTech,UAE,148088,4561,0.0308,1.36,6202.96,173,35.86,48056.97,7.75,4332,173,138,3.99,44.95
2024-09-09,Google Ads,Display,SaaS,India,28068,990,0.0353,1.01,999.9,28,35.71,5661.1,5.66,940,28,22,2.98,45.45
2024-03-23,TikTok Ads,Search,Healthcare,USA,131385,6910,0.0526,0.34,2349.4,206,11.4,6729.96,2.86,6564,206,164,3.14,14.33
2024-05-16,TikTok Ads,Search,EdTech,UAE,77882,3029,0.0389,0.47,1423.63,228,6.24,44433.62,31.21,2877,228,182,7.92,7.82
2024-09-10,TikTok Ads,Shopping,Healthcare,UAE,90066,6025,0.0669,1.77,10664.25,417,25.57,40275.46,3.78,5723,417,333,7.29,32.02
2024-07-25,Meta Ads,Shopping,E-commerce,India,186775,2409,0.0129,0.69,1662.21,107,15.53,10079.71,6.06,2288,107,85,4.68,19.56
2024-04-15,Google Ads,Video,Fintech,India,57328,2161,0.0377,1.53,3306.33,99,33.4,17903.97,5.42,2052,99,79,4.82,41.85
2024-02-22,Google Ads,Video,SaaS,India,87570,3415,0.039,2.57,8776.55,236,37.19,46705.85,5.32,3244,236,188,7.27,46.68
2024-06-18,Meta Ads,Video,SaaS,UAE,54864,1876,0.0342,1.52,2851.52,121,23.57,23640.39,8.29,1782,121,96,6.79,29.7
2024-11-04,Google Ads,Display,SaaS,Australia,91861,2535,0.0276,1.24,3143.4,137,22.94,8299.82,2.64,2408,137,109,5.69,28.84
2024-06-04,Meta Ads,Search,E-commerce,Australia,16920,389,0.023,1.23,478.47,15,31.9,3222.58,6.74,369,15,12,4.07,39.87
2024-08-16,Meta Ads,Shopping,Healthcare,India,117421,3428,0.0292,0.61,2091.08,99,21.12,25079.21,11.99,3256,99,79,3.04,26.47
2024-06-29,Google Ads,Display,EdTech,UK,146332,7184,0.0491,2.8,20115.2,366,54.96,40775.67,2.03,6824,366,292,5.36,68.89
2024-01-11,Meta Ads,Shopping,SaaS,USA,144993,2783,0.0192,1.47,4091.01,120,34.09,10562.14,2.58,2643,120,96,4.54,42.61
2024-07-28,Google Ads,Display,Fintech,Canada,35702,999,0.028,1.58,1578.42,15,105.23,2820.45,1.79,949,15,12,1.58,131.54
2024-09-01,Google Ads,Shopping,Healthcare,Germany,184976,6270,0.0339,2.66,16678.2,412,40.48,40433.91,2.42,5956,412,329,6.92,50.69
2024-06-10,Google Ads,Search,E-commerce,UAE,119235,5258,0.0441,1.1,5783.8,141,41.02,24150.02,4.18,4995,141,112,2.82,51.64
2024-08-14,Google Ads,Shopping,EdTech,India,127211,3968,0.0312,2.63,10435.84,194,53.79,37337.18,3.58,3769,194,155,5.15,67.33
2024-12-16,TikTok Ads,Video,Fintech,USA,27584,1561,0.0566,0.94,1467.34,93,15.78,19425.98,13.24,1482,93,74,6.28,19.83
2024-05-25,Google Ads,Shopping,SaaS,Germany,194928,9161,0.047,1.88,17222.68,571,30.16,17839.23,1.04,8702,571,456,6.56,37.77
2024-10-26,Google Ads,Search,E-commerce,Australia,90349,5420,0.06,3.02,16368.4,105,155.89,16913.07,1.03,5149,105,84,2.04,194.86
2024-07-08,TikTok Ads,Video,EdTech,Germany,170011,10149,0.0597,0.55,5581.95,110,50.74,29617.76,5.31,9641,110,88,1.14,63.43
2024-08-06,Google Ads,Display,Healthcare,USA,54158,3374,0.0623,0.81,2732.94,55,49.69,5839.17,2.14,3205,55,44,1.72,62.11
2024-01-02,Meta Ads,Display,SaaS,UK,143485,3945,0.0275,0.71,2800.95,187,14.98,30765.32,10.98,3747,187,149,4.99,18.8
2024-02-18,Google Ads,Video,Fintech,Canada,165470,4136,0.025,0.82,3391.52,56,60.56,12113.24,3.57,3929,56,44,1.43,77.08
2024-05-11,Meta Ads,Search,EdTech,USA,112596,2668,0.0237,1.2,3201.6,39,82.09,10899.61,3.4,2534,39,31,1.54,103.28
2024-07-03,Google Ads,Video,EdTech,Canada,82604,5146,0.0623,2.88,14820.48,75,197.61,11977.45,0.81,4888,75,60,1.53,247.01
2024-06-25,Google Ads,Display,Healthcare,UAE,162454,4337,0.0267,1.57,6809.09,329,20.7,13568.06,1.99,4120,329,263,7.99,25.89
2024-10-20,TikTok Ads,Shopping,E-commerce,UK,143667,6852,0.0477,1.13,7742.76,142,54.53,19589.64,2.53,6509,142,113,2.18,68.52
2024-02-16,Google Ads,Video,Healthcare,Australia,83702,3900,0.0466,2.18,8502.0,60,141.7,11812.78,1.39,3705,60,48,1.62,177.12
2024-02-12,TikTok Ads,Video,Fintech,USA,41497,3299,0.0795,0.65,2144.35,112,19.15,6822.75,3.18,3134,112,89,3.57,24.09
2024-05-26,Google Ads,Search,Fintech,UAE,88442,2485,0.0281,2.89,7181.65,69,104.08,12989.18,1.81,2360,69,55,2.92,130.58
2024-02-23,Google Ads,Shopping,SaaS,UAE,143723,4254,0.0296,1.14,4849.56,281,17.26,41783.61,8.62,4041,281,224,6.95,21.65
2024-10-15,Meta Ads,Search,SaaS,UK,30392,1325,0.0436,1.31,1735.75,101,17.19,3539.63,2.04,1258,101,80,8.03,21.7
2024-05-10,Google Ads,Video,E-commerce,India,94412,4786,0.0507,1.29,6173.94,343,18.0,93767.6,15.19,4546,343,274,7.55,22.53
2024-05-21,Google Ads,Video,EdTech,UK,56305,1644,0.0292,1.65,2712.6,126,21.53,24269.48,8.95,1561,126,100,8.07,27.13
2024-09-29,TikTok Ads,Display,SaaS,Germany,142456,9943,0.0698,0.91,9048.13,266,34.02,72736.17,8.04,9445,266,212,2.82,42.68
2024-12-26,Meta Ads,Display,EdTech,Australia,27169,546,0.0201,1.08,589.68,15,39.31,1578.78,2.68,518,15,12,2.9,49.14
2024-09-15,Google Ads,Video,SaaS,Germany,127179,5125,0.0403,2.22,11377.5,87,130.78,5905.23,0.52,4868,87,69,1.79,164.89
2024-07-18,Google Ads,Shopping,Fintech,USA,20797,846,0.0407,1.08,913.68,56,16.32,11660.97,12.76,803,56,44,6.97,20.77
2024-08-13,Meta Ads,Shopping,E-commerce,USA,188201,5627,0.0299,1.88,10578.76,77,137.39,14242.93,1.35,5345,77,61,1.44,173.42
2024-06-03,TikTok Ads,Shopping,E-commerce,Canada,77726,2557,0.0329,0.49,1252.93,37,33.86,2932.31,2.34,2429,37,29,1.52,43.2
2024-03-10,Meta Ads,Search,EdTech,Australia,23123,286,0.0124,1.21,346.06,3,115.35,585.7,1.69,271,3,2,1.11,173.03
2024-04-06,Google Ads,Search,SaaS,Canada,86689,3727,0.043,1.16,4323.32,276,15.66,76876.24,17.78,3540,276,220,7.8,19.65
2024-05-17,Google Ads,Search,Healthcare,USA,159251,9172,0.0576,2.84,26048.48,407,64.0,30602.6,1.17,8713,407,325,4.67,80.15
2024-01-13,Meta Ads,Display,E-commerce,UK,70180,736,0.0105,1.4,1030.4,45,22.9,2168.72,2.1,699,45,36,6.44,28.62
2024-09-16,Google Ads,Video,Fintech,Canada,83466,4089,0.049,2.26,9241.14,108,85.57,12521.2,1.35,3884,108,86,2.78,107.46
2024-11-13,Meta Ads,Display,SaaS,India,137602,2641,0.0192,0.59,1558.19,179,8.7,52473.54,33.68,2508,179,143,7.14,10.9
2024-09-03,TikTok Ads,Video,SaaS,UAE,64222,2067,0.0322,1.89,3906.63,68,57.45,14851.97,3.8,1963,68,54,3.46,72.34
2024-07-08,TikTok Ads,Shopping,Healthcare,India,116739,4319,0.037,0.34,1468.46,306,4.8,46873.98,31.92,4103,306,244,7.46,6.02
2024-12-30,Meta Ads,Shopping,Healthcare,USA,50869,890,0.0175,1.08,961.2,61,15.76,16803.54,17.48,845,61,48,7.22,20.03
2024-12-02,Meta Ads,Search,EdTech,Germany,127155,3089,0.0243,1.25,3861.25,95,40.64,23894.64,6.19,2934,95,76,3.24,50.81
2024-03-26,Google Ads,Video,EdTech,Germany,162883,8974,0.0551,2.38,21358.12,292,73.14,80812.08,3.78,8525,292,233,3.43,91.67
2024-01-17,TikTok Ads,Search,SaaS,Canada,115716,7394,0.0639,1.16,8577.04,242,35.44,49142.56,5.73,7024,242,193,3.45,44.44
2024-06-14,Google Ads,Video,EdTech,USA,40306,1176,0.0292,0.85,999.6,41,24.38,11838.48,11.84,1117,41,32,3.67,31.24
2024-02-29,TikTok Ads,Search,Fintech,Canada,138025,9192,0.0666,0.64,5882.88,420,14.01,38810.35,6.6,8732,420,336,4.81,17.51
2024-02-05,Meta Ads,Video,SaaS,India,145510,5805,0.0399,1.04,6037.2,166,36.37,30713.7,5.09,5514,166,132,3.01,45.74
2024-09-07,TikTok Ads,Display,Fintech,USA,168297,10535,0.0626,1.4,14749.0,561,26.29,30094.65,2.04,10008,561,448,5.61,32.92
2024-12-14,Meta Ads,Search,E-commerce,Australia,66157,1687,0.0255,1.3,2193.1,41,53.49,5082.94,2.32,1602,41,32,2.56,68.53
2024-03-26,Meta Ads,Shopping,Fintech,India,115003,2921,0.0254,0.4,1168.4,36,32.46,4203.19,3.6,2774,36,28,1.3,41.73
2024-01-19,Meta Ads,Shopping,Healthcare,USA,173292,7330,0.0423,1.88,13780.4,355,38.82,66981.68,4.86,6963,355,284,5.1,48.52
2024-01-07,Meta Ads,Video,EdTech,Germany,94440,2219,0.0235,1.93,4282.67,156,27.45,39424.24,9.21,2108,156,124,7.4,34.54
2024-06-24,Meta Ads,Video,Healthcare,India,93003,1283,0.0138,1.76,2258.08,49,46.08,1614.11,0.71,1218,49,39,4.02,57.9
2024-02-02,TikTok Ads,Video,E-commerce,USA,112294,9039,0.0805,0.99,8948.61,99,90.39,20435.34,2.28,8587,99,79,1.15,113.27
2024-05-22,Meta Ads,Display,SaaS,USA,165321,4447,0.0269,1.56,6937.32,301,23.05,23975.23,3.46,4224,301,240,7.13,28.91
2024-11-11,TikTok Ads,Video,Healthcare,USA,137895,5901,0.0428,1.34,7907.34,379,20.86,86835.97,10.98,5605,379,303,6.76,26.1
2024-02-27,TikTok Ads,Display,E-commerce,Germany,7978,557,0.0699,0.61,339.77,34,9.99,6686.61,19.68,529,34,27,6.43,12.58
2024-02-08,TikTok Ads,Display,Fintech,Germany,113994,4320,0.0379,0.77,3326.4,142,23.43,25985.24,7.81,4104,142,113,3.46,29.44
2024-02-16,Google Ads,Search,EdTech,UAE,90794,5638,0.0621,3.1,17477.8,217,80.54,54642.18,3.13,5356,217,173,4.05,101.03
2024-12-20,Meta Ads,Display,Healthcare,Australia,118694,2338,0.0197,2.26,5283.88,76,69.52,6774.6,1.28,2221,76,60,3.42,88.06
2024-07-17,Google Ads,Shopping,Healthcare,UAE,99805,1936,0.0194,1.4,2710.4,112,24.2,29346.97,10.83,1839,112,89,6.09,30.45
2024-01-30,Google Ads,Search,Fintech,Canada,187156,3986,0.0213,2.39,9526.54,269,35.41,34393.23,3.61,3786,269,215,7.11,44.31
2024-08-04,TikTok Ads,Video,EdTech,UAE,120152,4613,0.0384,0.97,4474.61,108,41.43,27205.77,6.08,4382,108,86,2.46,52.03
2024-12-16,Google Ads,Search,Fintech,UK,117458,6824,0.0581,2.01,13716.24,251,54.65,12200.18,0.89,6482,251,200,3.87,68.58
2024-06-22,Meta Ads,Video,EdTech,Australia,35398,1044,0.0295,0.45,469.8,20,23.49,1596.24,3.4,991,20,16,2.02,29.36
2024-03-30,TikTok Ads,Video,Healthcare,India,98386,7556,0.0768,0.35,2644.6,385,6.87,43735.3,16.54,7178,385,308,5.36,8.59
2024-08-06,Meta Ads,Video,E-commerce,Canada,70133,2293,0.0327,1.04,2384.72,75,31.8,14249.95,5.98,2178,75,60,3.44,39.75
2024-06-26,Google Ads,Video,SaaS,USA,30169,1523,0.0505,1.44,2193.12,34,64.5,8282.71,3.78,1446,34,27,2.35,81.23
2024-01-25,Google Ads,Search,EdTech,Germany,122959,3553,0.0289,1.67,5933.51,133,44.61,11079.66,1.87,3375,133,106,3.94,55.98
2024-04-12,Meta Ads,Search,Healthcare,Australia,73083,3040,0.0416,0.6,1824.0,203,8.99,29701.35,16.28,2888,203,162,7.03,11.26
2024-05-02,Meta Ads,Display,Fintech,India,113889,4623,0.0406,1.19,5501.37,362,15.2,19216.96,3.49,4391,362,289,8.24,19.04
2024-06-23,Meta Ads,Search,Healthcare,Australia,57203,1029,0.018,0.87,895.23,11,81.38,1505.4,1.68,977,11,8,1.13,111.9
2024-07-12,TikTok Ads,Display,SaaS,UAE,36562,1257,0.0344,0.43,540.51,74,7.3,11838.52,21.9,1194,74,59,6.2,9.16
2024-12-01,Google Ads,Search,EdTech,USA,177256,4059,0.0229,2.19,8889.21,138,64.41,32140.46,3.62,3856,138,110,3.58,80.81
2024-02-23,TikTok Ads,Shopping,SaaS,India,179036,11046,0.0617,0.87,9610.02,787,12.21,127296.84,13.25,10493,787,629,7.5,15.28
2024-07-02,Google Ads,Display,EdTech,Germany,87481,4181,0.0478,2.88,12041.28,104,115.78,28643.42,2.38,3971,104,83,2.62,145.08
2024-06-22,TikTok Ads,Shopping,E-commerce,India,130645,8243,0.0631,0.95,7830.85,356,22.0,16420.6,2.1,7830,356,284,4.55,27.57
2024-11-24,Google Ads,Search,SaaS,India,121089,3499,0.0289,0.93,3254.07,185,17.59,28042.42,8.62,3324,185,148,5.57,21.99
2024-05-07,Google Ads,Search,EdTech,Canada,15589,285,0.0183,1.18,336.3,10,33.63,1359.76,4.04,270,10,8,3.7,42.04
2024-08-11,TikTok Ads,Search,Fintech,Germany,101411,9370,0.0924,0.81,7589.7,523,14.51,26633.21,3.51,8901,523,418,5.88,18.16
2024-03-25,Google Ads,Shopping,E-commerce,UK,142045,9161,0.0645,2.39,21894.79,525,41.7,131680.16,6.01,8702,525,420,6.03,52.13
2024-07-05,Meta Ads,Shopping,Healthcare,UK,42236,1013,0.024,1.43,1448.59,29,49.95,4720.08,3.26,962,29,23,3.01,62.98
2024-05-23,Meta Ads,Shopping,E-commerce,Canada,75628,794,0.0105,0.5,397.0,49,8.1,3639.22,9.17,754,49,39,6.5,10.18
2024-12-08,TikTok Ads,Video,Fintech,Germany,116184,4089,0.0352,0.34,1390.26,263,5.29,54249.41,39.02,3884,263,210,6.77,6.62
2024-10-19,Google Ads,Video,E-commerce,USA,121465,5575,0.0459,1.64,9143.0,273,33.49,28769.59,3.15,5296,273,218,5.15,41.94
2024-01-09,Google Ads,Video,Fintech,UK,108510,3721,0.0343,1.41,5246.61,116,45.23,23480.01,4.48,3534,116,92,3.28,57.03
2024-03-12,Meta Ads,Shopping,Healthcare,Canada,199650,4152,0.0208,0.78,3238.56,165,19.63,10558.75,3.26,3944,165,132,4.18,24.53
2024-07-10,Google Ads,Shopping,SaaS,USA,73734,1990,0.027,0.82,1631.8,143,11.41,16954.02,10.39,1890,143,114,7.57,14.31
2024-03-10,Meta Ads,Shopping,E-commerce,Canada,149532,5069,0.0339,2.39,12114.91,397,30.52,95392.09,7.87,4815,397,317,8.25,38.22
2024-01-27,Google Ads,Search,Fintech,India,79432,4130,0.052,2.29,9457.7,311,30.41,59366.41,6.28,3923,311,248,7.93,38.14
2024-10-07,TikTok Ads,Display,Fintech,Canada,192583,11285,0.0586,1.63,18394.55,562,32.73,124224.31,6.75,10720,562,449,5.24,40.97
2024-03-09,Meta Ads,Video,SaaS,Australia,79266,2425,0.0306,0.72,1746.0,104,16.79,20287.27,11.62,2303,104,83,4.52,21.04
2024-02-25,Google Ads,Video,Fintech,Australia,33695,1277,0.0379,2.88,3677.76,89,41.32,25041.09,6.81,1213,89,71,7.34,51.8
2024-03-19,TikTok Ads,Search,Fintech,India,92030,6267,0.0681,0.58,3634.86,136,26.73,11204.78,3.08,5953,136,108,2.28,33.66
2024-11-02,Google Ads,Search,Healthcare,India,26259,669,0.0255,1.41,943.29,22,42.88,2731.41,2.9,635,22,17,3.46,55.49
2024-04-15,Google Ads,Video,Fintech,UK,99447,5917,0.0595,1.05,6212.85,195,31.86,28481.71,4.58,5621,195,156,3.47,39.83
2024-11-17,Meta Ads,Shopping,Healthcare,UAE,170910,3315,0.0194,0.5,1657.5,167,9.93,41334.16,24.94,3149,167,133,5.3,12.46
2024-03-04,Meta Ads,Video,Healthcare,USA,180259,2072,0.0115,1.37,2838.64,136,20.87,10032.66,3.53,1968,136,108,6.91,26.28
2024-02-23,Meta Ads,Video,Healthcare,UAE,146964,5246,0.0357,1.99,10439.54,131,79.69,7261.59,0.7,4983,131,104,2.63,100.38
2024-09-10,Meta Ads,Display,EdTech,Germany,153057,2969,0.0194,2.24,6650.56,148,44.94,28216.02,4.24,2820,148,118,5.25,56.36
2024-12-08,Google Ads,Search,SaaS,UK,78635,2587,0.0329,2.35,6079.45,106,57.35,21303.72,3.5,2457,106,84,4.31,72.37
2024-11-12,Meta Ads,Display,Healthcare,UAE,54031,2215,0.041,1.66,3676.9,157,23.42,22778.62,6.2,2104,157,125,7.46,29.42
2024-09-17,Google Ads,Video,SaaS,Germany,162743,8723,0.0536,1.77,15439.71,106,145.66,20056.78,1.3,8286,106,84,1.28,183.81
2024-08-04,Google Ads,Display,Healthcare,Canada,144494,8409,0.0582,3.04,25563.36,93,274.87,20233.22,0.79,7988,93,74,1.16,345.45
2024-11-09,Google Ads,Search,Fintech,Australia,112549,6640,0.059,3.67,24368.8,374,65.16,21696.69,0.89,6308,374,299,5.93,81.5
2024-12-23,Google Ads,Search,E-commerce,USA,148994,7509,0.0504,3.46,25981.14,588,44.19,82753.51,3.19,7133,588,470,8.24,55.28
2024-11-24,Google Ads,Display,Fintech,Canada,87373,3643,0.0417,1.05,3825.15,289,13.24,35842.03,9.37,3460,289,231,8.35,16.56
2024-04-01,TikTok Ads,Shopping,E-commerce,Australia,41200,1763,0.0428,1.78,3138.14,101,31.07,27614.2,8.8,1674,101,80,6.03,39.23
2024-12-23,Google Ads,Search,Fintech,India,51986,1996,0.0384,1.53,3053.88,82,37.24,20819.66,6.82,1896,82,65,4.32,46.98
2024-10-15,Meta Ads,Search,Fintech,Germany,190392,6016,0.0316,2.29,13776.64,165,83.49,35908.75,2.61,5715,165,132,2.89,104.37
2024-12-06,TikTok Ads,Shopping,E-commerce,Germany,137817,8654,0.0628,1.52,13154.08,392,33.56,54000.95,4.11,8221,392,313,4.77,42.03
2024-01-20,TikTok Ads,Video,Fintech,USA,153145,7197,0.047,1.02,7340.94,89,82.48,6214.05,0.85,6837,89,71,1.3,103.39
2024-03-07,Google Ads,Shopping,E-commerce,USA,20718,426,0.0206,2.65,1128.9,22,51.31,1505.14,1.33,404,22,17,5.45,66.41
2024-01-22,TikTok Ads,Shopping,Fintech,Germany,5059,415,0.0822,0.73,302.95,4,75.74,798.87,2.64,394,4,3,1.02,100.98
2024-02-28,TikTok Ads,Search,SaaS,USA,96045,5820,0.0606,0.31,1804.2,235,7.68,47063.54,26.09,5529,235,188,4.25,9.6
2024-05-19,Google Ads,Display,E-commerce,UAE,12644,572,0.0453,2.22,1269.84,36,35.27,7362.94,5.8,543,36,28,6.63,45.35
2024-07-16,Google Ads,Video,EdTech,Canada,91901,3326,0.0362,2.58,8581.08,261,32.88,77117.41,8.99,3159,261,208,8.26,41.26
2024-03-30,Google Ads,Search,Fintech,Canada,120431,6262,0.052,2.77,17345.74,188,92.26,8830.89,0.51,5948,188,150,3.16,115.64
2024-01-23,Google Ads,Search,Fintech,Germany,7948,289,0.0364,2.07,598.23,6,99.7,1368.08,2.29,274,6,4,2.19,149.56
2024-08-14,Meta Ads,Video,E-commerce,UAE,108924,2134,0.0196,0.41,874.94,85,10.29,7418.36,8.48,2027,85,68,4.19,12.87
2024-03-30,Google Ads,Search,SaaS,Germany,66402,2695,0.0406,1.86,5012.7,199,25.19,14266.46,2.85,2560,199,159,7.77,31.53
2024-08-29,Google Ads,Display,EdTech,Canada,96676,5326,0.0551,1.67,8894.42,355,25.05,14113.5,1.59,5059,355,284,7.02,31.32
2024-04-10,Meta Ads,Search,Fintech,USA,10108,320,0.0317,0.51,163.2,8,20.4,624.2,3.82,304,8,6,2.63,27.2
2024-03-30,Google Ads,Search,SaaS,UK,23936,1211,0.0506,2.7,3269.7,49,66.73,7236.18,2.21,1150,49,39,4.26,83.84
2024-05-21,Meta Ads,Display,SaaS,India,157455,3810,0.0242,1.24,4724.4,244,19.36,55928.06,11.84,3619,244,195,6.74,24.23
2024-03-29,Google Ads,Shopping,Fintech,Australia,165805,9832,0.0593,2.76,27136.32,509,53.31,143237.84,5.28,9340,509,407,5.45,66.67
2024-10-27,Meta Ads,Search,Fintech,USA,69385,2650,0.0382,1.7,4505.0,160,28.16,32080.73,7.12,2517,160,128,6.36,35.2
2024-04-27,TikTok Ads,Video,Healthcare,Australia,89944,2644,0.0294,0.31,819.64,80,10.25,12715.09,15.51,2511,80,64,3.19,12.81
2024-04-03,Meta Ads,Search,SaaS,India,62603,1396,0.0223,1.5,2094.0,17,123.18,2988.24,1.43,1326,17,13,1.28,161.08
2024-01-10,Meta Ads,Shopping,EdTech,USA,62284,1413,0.0227,1.06,1497.78,88,17.02,10561.64,7.05,1342,88,70,6.56,21.4
2024-11-09,Meta Ads,Video,EdTech,USA,172812,2972,0.0172,0.99,2942.28,178,16.53,47180.83,16.04,2823,178,142,6.31,20.72
2024-01-19,Google Ads,Search,Healthcare,UAE,82764,2276,0.0275,0.91,2071.16,130,15.93,22792.2,11.0,2162,130,104,6.01,19.92
2024-04-14,Meta Ads,Search,E-commerce,India,133260,2611,0.0196,2.08,5430.88,108,50.29,16755.51,3.09,2480,108,86,4.35,63.15
2024-07-08,Google Ads,Search,Fintech,Australia,188420,9364,0.0497,2.65,24814.6,324,76.59,68719.44,2.77,8895,324,259,3.64,95.81
2024-02-20,Google Ads,Shopping,Fintech,UK,89431,3300,0.0369,1.47,4851.0,56,86.62,9891.88,2.04,3135,56,44,1.79,110.25
2024-01-04,Google Ads,Display,E-commerce,USA,52897,1883,0.0356,2.77,5215.91,108,48.3,5473.28,1.05,1788,108,86,6.04,60.65
2024-06-09,Google Ads,Shopping,SaaS,UK,83334,3341,0.0401,1.73,5779.93,256,22.58,32514.9,5.63,3173,256,204,8.07,28.33
2024-10-17,TikTok Ads,Shopping,SaaS,USA,180721,9379,0.0519,1.3,12192.7,286,42.63,52558.42,4.31,8910,286,228,3.21,53.48
2024-12-09,TikTok Ads,Display,Healthcare,Australia,195759,7262,0.0371,0.47,3413.14,75,45.51,16681.83,4.89,6898,75,60,1.09,56.89
2024-07-10,Google Ads,Video,SaaS,USA,158514,4565,0.0288,2.14,9769.1,235,41.57,15388.32,1.58,4336,235,188,5.42,51.96
2024-05-17,Meta Ads,Video,SaaS,USA,82948,2347,0.0283,2.31,5421.57,65,83.41,10510.94,1.94,2229,65,52,2.92,104.26
2024-02-02,Google Ads,Video,SaaS,Canada,44420,1066,0.024,3.64,3880.24,44,88.19,2655.91,0.68,1012,44,35,4.35,110.86
2024-02-25,TikTok Ads,Search,Fintech,UAE,57006,2981,0.0523,1.1,3279.1,192,17.08,40566.37,12.37,2831,192,153,6.78,21.43
2024-08-15,Meta Ads,Video,SaaS,USA,37588,1191,0.0317,1.96,2334.36,48,48.63,13381.03,5.73,1131,48,38,4.24,61.43
2024-02-02,TikTok Ads,Shopping,Healthcare,Australia,196605,14922,0.0759,1.76,26262.72,757,34.69,181823.28,6.92,14175,757,605,5.34,43.41
2024-04-01,Meta Ads,Video,Fintech,Germany,59376,564,0.0095,0.64,360.96,25,14.44,4065.83,11.26,535,25,20,4.67,18.05
2024-05-21,Meta Ads,Video,E-commerce,India,15865,528,0.0333,1.88,992.64,39,25.45,3165.22,3.19,501,39,31,7.78,32.02
2024-11-26,Google Ads,Video,EdTech,UAE,80511,3622,0.045,3.32,12025.04,140,85.89,31780.44,2.64,3440,140,112,4.07,107.37
2024-06-26,Google Ads,Shopping,E-commerce,UK,143944,7873,0.0547,2.11,16612.03,513,32.38,65899.82,3.97,7479,513,410,6.86,40.52
2024-07-08,Meta Ads,Search,SaaS,UK,44612,811,0.0182,2.0,1622.0,23,70.52,1008.1,0.62,770,23,18,2.99,90.11
2024-11-13,Google Ads,Display,E-commerce,Australia,17299,479,0.0277,1.94,929.26,30,30.98,3163.73,3.4,455,30,24,6.59,38.72
2024-10-29,TikTok Ads,Shopping,Healthcare,UAE,71514,3354,0.0469,1.31,4393.74,165,26.63,17363.87,3.95,3186,165,132,5.18,33.29
2024-03-14,Google Ads,Video,E-commerce,India,37135,1006,0.0271,1.92,1931.52,62,31.15,17772.87,9.2,955,62,49,6.49,39.42
2024-11-23,Google Ads,Display,EdTech,UAE,80542,4236,0.0526,2.15,9107.4,104,87.57,15932.35,1.75,4024,104,83,2.58,109.73
2024-04-03,Google Ads,Shopping,E-commerce,Australia,112992,2802,0.0248,3.0,8406.0,124,67.79,7395.68,0.88,2661,124,99,4.66,84.91
2024-06-09,Meta Ads,Search,SaaS,UK,119863,1114,0.0093,1.23,1370.22,75,18.27,21180.36,15.46,1058,75,60,7.09,22.84
2024-02-07,TikTok Ads,Search,Fintech,Germany,108806,5070,0.0466,0.36,1825.2,279,6.54,26787.94,14.68,4816,279,223,5.79,8.18
2024-11-30,TikTok Ads,Shopping,Healthcare,UK,7234,496,0.0687,0.71,352.16,10,35.22,399.8,1.14,471,10,8,2.12,44.02
2024-05-03,Meta Ads,Shopping,Fintech,Australia,143541,1980,0.0138,1.41,2791.8,152,18.37,42063.3,15.07,1881,152,121,8.08,23.07
2024-03-21,TikTok Ads,Video,EdTech,India,5497,231,0.0422,1.38,318.78,18,17.71,4467.32,14.01,219,18,14,8.22,22.77
2024-03-03,Meta Ads,Display,EdTech,UK,160478,4413,0.0275,1.02,4501.26,82,54.89,13362.88,2.97,4192,82,65,1.96,69.25
2024-10-14,Google Ads,Video,E-commerce,UK,116011,2726,0.0235,1.96,5342.96,127,42.07,4188.78,0.78,2589,127,101,4.91,52.9
2024-09-17,Meta Ads,Search,EdTech,Germany,166243,1895,0.0114,0.92,1743.4,51,34.18,5887.21,3.38,1800,51,40,2.83,43.58
2024-01-16,TikTok Ads,Video,E-commerce,Australia,62868,2715,0.0432,1.6,4344.0,180,24.13,35590.01,8.19,2579,180,144,6.98,30.17
2024-12-15,Google Ads,Video,EdTech,UAE,132953,8163,0.0614,2.76,22529.88,130,173.31,16572.4,0.74,7754,130,104,1.68,216.63
2024-03-11,Meta Ads,Display,Healthcare,UAE,107326,2436,0.0227,0.77,1875.72,84,22.33,5936.35,3.16,2314,84,67,3.63,28.0
2024-03-28,TikTok Ads,Search,E-commerce,Australia,24854,1106,0.0445,1.14,1260.84,38,33.18,8735.32,6.93,1050,38,30,3.62,42.03
2024-04-05,Google Ads,Display,Healthcare,India,175949,7108,0.0404,2.44,17343.52,75,231.25,22062.99,1.27,6752,75,60,1.11,289.06
2024-12-27,TikTok Ads,Shopping,EdTech,USA,131956,7772,0.0589,0.29,2253.88,211,10.68,23120.58,10.26,7383,211,168,2.86,13.42
2024-11-11,Google Ads,Video,Healthcare,UAE,90096,4784,0.0531,3.17,15165.28,310,48.92,81015.37,5.34,4544,310,248,6.82,61.15
2024-02-13,Google Ads,Video,E-commerce,UK,48766,1731,0.0355,1.04,1800.24,44,40.91,12477.84,6.93,1644,44,35,2.68,51.44
2024-04-24,Meta Ads,Display,Fintech,USA,68989,2952,0.0428,1.79,5284.08,169,31.27,14776.11,2.8,2804,169,135,6.03,39.14
2024-10-13,Google Ads,Search,E-commerce,India,197557,4326,0.0219,1.18,5104.68,259,19.71,39016.05,7.64,4109,259,207,6.3,24.66
2024-05-14,Google Ads,Video,E-commerce,Canada,96178,4328,0.045,3.36,14542.08,275,52.88,37193.1,2.56,4111,275,220,6.69,66.1
2024-09-10,TikTok Ads,Shopping,Healthcare,India,144940,5333,0.0368,1.31,6986.23,148,47.2,32610.09,4.67,5066,148,118,2.92,59.21
2024-04-12,TikTok Ads,Shopping,SaaS,UAE,152322,13678,0.0898,0.41,5607.98,813,6.9,103237.84,18.41,12994,813,650,6.26,8.63
2024-08-22,Google Ads,Display,EdTech,Australia,89124,2664,0.0299,1.24,3303.36,198,16.68,52262.98,15.82,2530,198,158,7.83,20.91
2024-12-13,Google Ads,Video,Fintech,India,126404,2073,0.0164,0.92,1907.16,24,79.47,3807.61,2.0,1969,24,19,1.22,100.38
2024-11-20,Meta Ads,Search,Healthcare,Canada,84654,2937,0.0347,1.84,5404.08,104,51.96,30747.28,5.69,2790,104,83,3.73,65.11
2024-06-20,Meta Ads,Video,EdTech,Germany,95987,1919,0.02,1.71,3281.49,124,26.46,28533.79,8.7,1823,124,99,6.8,33.15
2024-06-01,Google Ads,Shopping,SaaS,UAE,154088,9106,0.0591,3.24,29503.44,294,100.35,42565.78,1.44,8650,294,235,3.4,125.55
2024-02-29,TikTok Ads,Search,EdTech,Australia,71883,2077,0.0289,1.71,3551.67,87,40.82,12811.32,3.61,1973,87,69,4.41,51.47
2024-07-22,Meta Ads,Shopping,E-commerce,UAE,133716,1617,0.0121,0.85,1374.45,48,28.63,3570.09,2.6,1536,48,38,3.12,36.17
2024-12-26,TikTok Ads,Display,Fintech,Germany,43319,2534,0.0585,1.66,4206.44,111,37.9,10456.87,2.49,2407,111,88,4.61,47.8
2024-09-03,Google Ads,Search,E-commerce,India,144911,7897,0.0545,1.63,12872.11,555,23.19,21004.5,1.63,7502,555,444,7.4,28.99
2024-10-22,Google Ads,Search,Fintech,UAE,180634,7821,0.0433,2.21,17284.41,581,29.75,136556.31,7.9,7429,581,464,7.82,37.25
2024-02-03,Meta Ads,Display,EdTech,Australia,76095,2031,0.0267,1.49,3026.19,135,22.42,33172.87,10.96,1929,135,108,7.0,28.02
2024-07-11,TikTok Ads,Video,E-commerce,Germany,180128,10555,0.0586,0.84,8866.2,707,12.54,200566.9,22.62,10027,707,565,7.05,15.69
2024-06-23,Meta Ads,Display,EdTech,Australia,169849,5927,0.0349,0.94,5571.38,437,12.75,105321.92,18.9,5630,437,349,7.76,15.96
2024-03-01,Meta Ads,Video,Fintech,Australia,122974,2939,0.0239,1.85,5437.15,91,59.75,26004.98,4.78,2792,91,72,3.26,75.52
2024-08-02,Google Ads,Search,E-commerce,USA,28553,850,0.0298,2.06,1751.0,51,34.33,13010.72,7.43,807,51,40,6.32,43.78
2024-01-29,Meta Ads,Display,EdTech,UK,77447,906,0.0117,1.15,1041.9,29,35.93,8284.13,7.95,860,29,23,3.37,45.3
